"longitude","latitude"
20,74.1391
20,74.3597
20,74.5804
20,74.8013
20,75.0222
20,75.2433
20,75.4645
20,75.6858
20,75.9072
20,76.1287
20,76.3503
20,76.572
20,76.7938
20,77.0157
20,77.2377
20,77.4598
20,77.682
20,77.9043
20,78.1267
20,78.3491
20,78.5717
20,78.7943
20,79.0171
20,79.2399
20,79.4628
20,79.6857
20,80.5784
20,80.8018
20,81.0252
20,81.2487
20,81.4722
20,81.6958
20,81.9195
200,81.9195
200,81.6958
200,81.4722
200,81.2487
200,81.0252
200,80.8018
200,80.5784
200,80.3551
200,80.1319
200,79.9088
200,79.6857
200,79.4628
200,79.2399
200,79.0171
200,78.7943
200,78.5717
200,78.3491
200,78.1267
200,77.9043
200,77.682
200,77.4598
200,77.2377
200,77.0157
200,76.7938
200,76.572
200,76.3503
200,76.1287
200,75.9072
200,75.6858
200,75.4645
200,75.2433
200,75.0222
200,74.8013
200,74.5804
200,74.3597
200,74.1391
200,73.9186
200,73.6982
200,73.478
200,73.2579
200,73.0379
200,72.818
200,72.5982
200,72.3786
200,72.1591
200,71.9398
200,71.7206
200,71.5015
200,71.2825
200,71.0637
200,70.845
200,70.6265
200,70.4081
20.6296,69.7526
20.6366,69.9705
20.7848,73.6967
20.7957,73.9171
20.8069,74.1376
20.8184,74.3581
20.8303,74.5788
20.8425,74.7997
20.8551,75.0206
20.868,75.2416
20.8814,75.4628
20.8952,75.684
20.9094,75.9054
20.924,76.1269
20.9392,76.3484
20.9548,76.5701
20.971,76.7919
20.9878,77.0138
21.0051,77.2357
21.023,77.4578
21.0416,77.68
21.0609,77.9022
21.0809,78.1246
21.1017,78.347
21.1233,78.5695
21.1458,78.7921
21.1691,79.0148
21.1935,79.2376
21.2189,79.4604
21.2454,79.6833
21.273,79.9063
21.3019,80.1294
21.3322,80.3525
21.3639,80.5758
21.3972,80.799
21.4321,81.0224
21.4688,81.2458
21.5074,81.4693
21.5481,81.6928
21.5911,81.9164
21.6366,82.1401
21.6847,82.3638
21.7357,82.5875
21.7899,82.8114
21.8476,83.0352
21.9091,83.2591
21.9749,83.4831
22.0454,83.7071
22.1211,83.9311
22.2026,84.1552
22.2906,84.3793
22.3859,84.6034
22.4895,84.8275
197.5105,84.8275
197.614,84.6034
197.7094,84.3793
197.7974,84.1552
197.8789,83.9311
197.9546,83.7071
198.0251,83.4831
198.0909,83.2591
198.1524,83.0352
198.2101,82.8114
198.2643,82.5875
198.3153,82.3638
198.3634,82.1401
198.4089,81.9164
198.4518,81.6928
198.4926,81.4693
198.5312,81.2458
198.5679,81.0224
198.6028,80.799
198.6361,80.5758
198.6678,80.3525
198.6981,80.1294
198.727,79.9063
198.7546,79.6833
198.7811,79.4604
198.8065,79.2376
198.8309,79.0148
198.8542,78.7921
198.8767,78.5695
198.8983,78.347
198.9191,78.1246
198.9391,77.9022
198.9584,77.68
198.977,77.4578
198.9949,77.2357
199.0122,77.0138
199.029,76.7919
199.0452,76.5701
199.0608,76.3484
199.076,76.1269
199.0906,75.9054
199.1048,75.684
199.1186,75.4628
199.1319,75.2416
199.1449,75.0206
199.1575,74.7997
199.1697,74.5788
199.1815,74.3581
199.1931,74.1376
199.2043,73.9171
199.2152,73.6967
199.2258,73.4765
199.2361,73.2564
199.2462,73.0364
199.256,72.8166
199.2655,72.5968
199.2748,72.3772
199.2838,72.1578
199.2927,71.9384
199.3013,71.7192
199.3097,71.5001
199.3179,71.2812
199.326,71.0624
199.3338,70.8437
199.3415,70.6252
199.3489,70.4068
199.3563,70.1886
199.4543,66.7175
199.4595,66.5019
199.4645,66.2865
199.4695,66.0713
199.5993,58.6544
199.6021,58.4461
199.6049,58.238
21.5275,73.252
21.5481,73.472
21.5693,73.6922
21.5911,73.9125
21.6135,74.1329
21.6366,74.3534
21.6603,74.574
21.6847,74.7948
21.7098,75.0156
21.7357,75.2366
21.7624,75.4577
21.7899,75.6789
21.8183,75.9001
21.8476,76.1215
21.8779,76.343
21.9091,76.5646
21.9415,76.7863
21.9749,77.008
22.0095,77.2299
22.0454,77.4519
22.0826,77.6739
22.1611,78.1183
22.2026,78.3406
22.2457,78.563
22.2906,78.7854
22.3373,79.008
22.3859,79.2306
22.4366,79.4533
22.5448,79.8989
22.6026,80.1218
22.663,80.3448
22.7263,80.5678
22.7927,80.7909
22.8624,81.014
22.9357,81.2372
23.0128,81.4605
23.0941,81.6838
23.1798,81.9071
23.2705,82.1305
23.3665,82.3539
23.4682,82.5774
23.5763,82.8009
23.6914,83.0244
23.8141,83.2479
23.9452,83.4715
24.0856,83.6951
24.2364,83.9187
24.3987,84.1422
24.5739,84.3658
24.7636,84.5894
24.9697,84.8129
25.1944,85.0364
194.8056,85.0364
195.0303,84.8129
195.2363,84.5894
195.4261,84.3658
195.6013,84.1422
195.7636,83.9187
195.9144,83.6951
196.0548,83.4715
196.1859,83.2479
196.3086,83.0244
196.4237,82.8009
196.5318,82.5774
196.6335,82.3539
196.7295,82.1305
196.8202,81.9071
196.9059,81.6838
196.9872,81.4605
197.0643,81.2372
197.1376,81.014
197.2073,80.7909
197.2737,80.5678
197.337,80.3448
197.3974,80.1218
197.4552,79.8989
197.5105,79.6761
197.5634,79.4533
197.614,79.2306
197.6627,79.008
197.7094,78.7854
197.7543,78.563
197.7974,78.3406
197.8389,78.1183
197.8789,77.896
197.9174,77.6739
197.9546,77.4519
197.9904,77.2299
198.0251,77.008
198.0585,76.7863
198.0909,76.5646
198.1221,76.343
198.1524,76.1215
198.1817,75.9001
198.2101,75.6789
198.2376,75.4577
198.2643,75.2366
198.2902,75.0156
198.3153,74.7948
198.3397,74.574
198.3634,74.3534
198.3865,74.1329
198.4089,73.9125
198.4306,73.6922
198.4518,73.472
198.4725,73.252
198.4926,73.0321
198.5121,72.8123
198.5312,72.5926
198.5498,72.3731
198.5679,72.1536
198.5856,71.9344
198.6028,71.7152
198.6196,71.4962
198.6361,71.2773
198.6521,71.0585
198.6678,70.8399
198.6831,70.6215
198.6981,70.4031
198.7127,70.1849
198.9088,66.7144
198.9191,66.4989
198.9292,66.2835
198.9391,66.0683
199.0037,64.5666
199.0371,63.7125
199.1931,58.8607
199.1987,58.6522
199.2043,58.4439
199.2098,58.2358
21.5074,64.7759
21.5208,64.99
21.5343,65.2043
21.5481,65.4188
21.9525,70.3969
22.2605,73.0248
22.2906,73.2447
22.3215,73.4646
22.3533,73.6847
22.3859,73.9048
22.4195,74.1251
22.454,74.3455
22.4895,74.5661
22.5261,74.7867
22.5638,75.0074
22.6026,75.2282
22.6425,75.4492
22.6838,75.6702
22.7263,75.8914
22.7702,76.1126
22.8156,76.3339
22.8624,76.5554
22.9108,76.7769
22.9609,76.9985
23.0128,77.2202
23.0665,77.442
23.1221,77.6638
23.1798,77.8858
23.2397,78.1078
23.3019,78.3299
23.3665,78.5521
23.4336,78.7743
23.5035,78.9966
23.5763,79.219
23.6522,79.4415
23.9005,80.1091
23.9909,80.3318
24.0856,80.5545
24.1849,80.7773
24.2891,81.0001
24.3987,81.2229
24.514,81.4458
24.6355,81.6687
24.7636,81.8916
24.8991,82.1146
25.0424,82.3375
25.1944,82.5605
25.3558,82.7834
25.5275,83.0064
25.7106,83.2293
25.9061,83.4523
26.1155,83.6751
26.3402,83.898
26.5819,84.1208
26.8428,84.3435
27.125,84.5662
27.4314,84.7887
27.7652,85.0111
192.2348,85.0111
192.5686,84.7887
192.875,84.5662
193.1572,84.3435
193.4181,84.1208
193.6598,83.898
193.8845,83.6751
194.0939,83.4523
194.2894,83.2293
194.4725,83.0064
194.6442,82.7834
194.8056,82.5605
194.9575,82.3375
195.1009,82.1146
195.2363,81.8916
195.3645,81.6687
195.486,81.4458
195.6013,81.2229
195.7109,81.0001
195.8151,80.7773
195.9144,80.5545
196.0091,80.3318
196.0995,80.1091
196.1859,79.8865
196.2686,79.6639
196.3478,79.4415
196.4237,79.219
196.4965,78.9966
196.5664,78.7743
196.6335,78.5521
196.6981,78.3299
196.7603,78.1078
196.8202,77.8858
196.8779,77.6638
196.9335,77.442
196.9872,77.2202
197.0391,76.9985
197.0892,76.7769
197.1376,76.5554
197.1844,76.3339
197.2298,76.1126
197.2737,75.8914
197.3162,75.6702
197.3575,75.4492
197.3974,75.2282
197.4362,75.0074
197.4739,74.7867
197.5105,74.5661
197.546,74.3455
197.5805,74.1251
197.614,73.9048
197.6467,73.6847
197.6785,73.4646
197.7094,73.2447
197.7395,73.0248
197.7688,72.8051
197.7974,72.5856
197.8253,72.3661
197.8524,72.1468
197.8789,71.9276
197.9047,71.7085
197.93,71.4896
197.9546,71.2708
197.9786,71.0521
198.0021,70.8336
198.0251,70.6152
198.0475,70.3969
198.0694,70.1788
198.3477,66.9249
198.3634,66.7093
198.3789,66.4938
198.394,66.2785
198.4089,66.0633
198.5057,64.562
198.5185,64.3482
198.5312,64.1346
198.5436,63.9212
198.5559,63.708
198.5679,63.4949
198.7982,58.6486
198.8065,58.4403
198.8147,58.2323
21.9921,64.5555
22.0095,64.7693
22.0273,64.9834
22.0454,65.1976
22.0638,65.4121
22.6026,70.3882
22.9357,72.5757
22.9737,72.7952
23.0128,73.0147
23.0529,73.2344
23.0941,73.4542
23.1364,73.6741
23.1798,73.8941
23.2245,74.1143
23.2705,74.3345
23.3178,74.5549
23.3665,74.7753
23.4166,74.9959
23.4682,75.2165
23.5214,75.4373
23.5763,75.6581
23.6329,75.8791
23.6914,76.1001
23.7517,76.3212
23.8141,76.5424
23.8785,76.7637
23.9452,76.9851
24.0142,77.2066
24.0856,77.4281
24.1596,77.6497
24.2364,77.8714
24.316,78.0931
24.3987,78.3149
24.4846,78.5368
24.5739,78.7588
24.6669,78.9808
24.7636,79.2028
24.8645,79.4249
25.1944,80.0914
25.3145,80.3137
25.4403,80.536
25.5722,80.7583
25.7106,80.9806
25.856,81.2029
26.009,81.4253
26.1702,81.6476
26.3402,81.87
26.5198,82.0923
26.7098,82.3146
26.9112,82.5369
27.125,82.7591
27.3524,82.9813
27.5946,83.2034
27.8533,83.4254
28.1301,83.6473
28.427,83.8692
28.7462,84.0909
29.0903,84.3124
29.4623,84.5338
29.8658,84.7549
30.3048,84.9759
189.6952,84.9759
190.1342,84.7549
190.5377,84.5338
190.9097,84.3124
191.2538,84.0909
191.573,83.8692
191.8699,83.6473
192.1467,83.4254
192.4054,83.2034
192.6476,82.9813
192.875,82.7591
193.0888,82.5369
193.2902,82.3146
193.4802,82.0923
193.6598,81.87
193.8298,81.6476
193.991,81.4253
194.144,81.2029
194.2894,80.9806
194.4278,80.7583
194.5597,80.536
194.6855,80.3137
194.8056,80.0914
194.9204,79.8692
195.0303,79.647
195.1355,79.4249
195.2363,79.2028
195.3331,78.9808
195.4261,78.7588
195.5154,78.5368
195.6013,78.3149
195.684,78.0931
195.7636,77.8714
195.8404,77.6497
195.9144,77.4281
195.9858,77.2066
196.0548,76.9851
196.1215,76.7637
196.1859,76.5424
196.2483,76.3212
196.3086,76.1001
196.3671,75.8791
196.4237,75.6581
196.4785,75.4373
196.5318,75.2165
196.5834,74.9959
196.6335,74.7753
196.6822,74.5549
196.7295,74.3345
196.7755,74.1143
196.8202,73.8941
196.8636,73.6741
196.9059,73.4542
196.9471,73.2344
196.9872,73.0147
197.0263,72.7952
197.0643,72.5757
197.1014,72.3564
197.1376,72.1372
197.1729,71.9181
197.2073,71.6992
197.2409,71.4804
197.2737,71.2617
197.3057,71.0431
197.337,70.8247
197.3676,70.6064
197.3974,70.3882
197.4266,70.1702
197.4552,69.9524
197.776,67.1334
197.7974,66.9177
197.8184,66.7021
197.8389,66.4867
197.8591,66.2714
197.8789,66.0563
198.0079,64.5555
198.0251,64.3418
198.0419,64.1282
198.0585,63.9149
198.0748,63.7017
198.0909,63.4887
198.3978,58.6435
198.4089,58.4353
198.4198,58.2272
22.4895,64.5471
22.5114,64.7609
22.5336,64.9749
22.5561,65.189
22.5791,65.4034
22.6026,65.6179
22.6264,65.8325
23.6215,72.3439
23.6678,72.5631
23.7153,72.7823
23.764,73.0017
23.8141,73.2212
23.8655,73.4408
23.9182,73.6606
23.9725,73.8804
24.0283,74.1003
24.0856,74.3204
24.1446,74.5405
24.2054,74.7607
24.2679,74.9811
24.3323,75.2015
24.3987,75.422
24.4672,75.6426
24.5378,75.8633
24.6106,76.0841
24.6859,76.3049
24.7636,76.5259
24.844,76.7469
24.9271,76.9679
25.0131,77.1891
25.1022,77.4103
25.1944,77.6316
25.2901,77.8529
25.3893,78.0743
25.4923,78.2958
25.5993,78.5173
25.7106,78.7388
25.8263,78.9604
25.9469,79.182
26.0725,79.4036
26.2034,79.6253
26.4831,80.0687
26.6325,80.2905
26.789,80.5122
26.953,80.7339
27.125,80.9556
27.3058,81.1773
27.4958,81.399
27.696,81.6206
27.9072,81.8422
28.1301,82.0638
28.3659,82.2852
28.6156,82.5066
28.8806,82.7279
29.1623,82.9491
29.4623,83.1702
29.7824,83.3911
30.1247,83.6118
30.4915,83.8323
30.8855,84.0527
31.3099,84.2727
31.7683,84.4925
32.2648,84.7119
32.8043,84.9309
187.1957,84.9309
187.7352,84.7119
188.2317,84.4925
188.6901,84.2727
189.1145,84.0527
189.5085,83.8323
189.8753,83.6118
190.2176,83.3911
190.5377,83.1702
190.8376,82.9491
191.1193,82.7279
191.3844,82.5066
191.6341,82.2852
191.8699,82.0638
192.0928,81.8422
192.304,81.6206
192.5041,81.399
192.6942,81.1773
192.875,80.9556
193.047,80.7339
193.211,80.5122
193.3675,80.2905
193.5169,80.0687
193.6598,79.847
193.7965,79.6253
193.9276,79.4036
194.0531,79.182
194.1737,78.9604
194.2894,78.7388
194.4007,78.5173
194.5077,78.2958
194.6107,78.0743
194.7099,77.8529
194.8056,77.6316
194.8978,77.4103
194.9869,77.1891
195.0729,76.9679
195.156,76.7469
195.2363,76.5259
195.3141,76.3049
195.3893,76.0841
195.4622,75.8633
195.5328,75.6426
195.6013,75.422
195.6677,75.2015
195.7321,74.9811
195.7946,74.7607
195.8554,74.5405
195.9144,74.3204
195.9717,74.1003
196.0275,73.8804
196.0818,73.6606
196.1346,73.4408
196.1859,73.2212
196.236,73.0017
196.2847,72.7823
196.3322,72.5631
196.3785,72.3439
196.4237,72.1249
196.4677,71.906
196.5107,71.6872
196.5526,71.4685
196.5936,71.25
196.6335,71.0315
196.6726,70.8133
196.7108,70.5951
196.7481,70.3771
196.7845,70.1592
196.8202,69.9415
196.8551,69.7239
196.8892,69.5064
196.9225,69.2891
197.2208,67.124
197.2475,66.9084
197.2737,66.6929
197.2994,66.4775
197.3246,66.2624
197.3493,66.0474
197.5319,64.3335
197.553,64.12
197.5737,63.9067
197.594,63.6936
197.614,63.4807
197.9399,59.4717
197.9546,59.2627
197.9691,59.0539
197.9834,58.8453
197.9975,58.6369
198.0114,58.4288
198.0251,58.2208
22.9866,64.5369
23.0128,64.7506
23.0394,64.9645
23.0665,65.1785
23.0941,65.3927
23.1221,65.6071
23.9452,70.5813
24.0377,71.0174
24.2891,72.1098
24.3432,72.3287
24.3987,72.5476
24.4556,72.7667
24.514,72.9859
24.5739,73.2051
24.6355,73.4245
24.6987,73.644
24.7636,73.8636
24.8304,74.0833
24.8991,74.3031
24.9697,74.523
25.0424,74.7429
25.1173,74.963
25.1944,75.1831
25.2739,75.4034
25.3558,75.6237
25.4403,75.844
25.5275,76.0645
25.6176,76.285
25.7106,76.5056
25.8067,76.7263
25.9061,76.947
26.009,77.1678
26.1155,77.3886
26.2258,77.6095
26.3402,77.8304
26.4588,78.0514
26.5819,78.2724
26.7098,78.4934
26.8428,78.7145
26.9811,78.9355
27.125,79.1566
27.275,79.3777
27.4314,79.5989
27.5946,79.82
27.7652,80.0411
27.9435,80.2621
28.1301,80.4832
28.3256,80.7042
28.5308,80.9252
28.7462,81.1461
28.9726,81.367
29.211,81.5878
29.4623,81.8084
29.7276,82.029
30.008,82.2495
30.3048,82.4698
30.6196,82.69
30.9541,82.91
31.3099,83.1298
31.6894,83.3493
32.0948,83.5686
32.5288,83.7876
32.9946,84.0062
33.4957,84.2245
34.0362,84.4424
34.6209,84.6597
35.2551,84.8765
184.7449,84.8765
185.3791,84.6597
185.9638,84.4424
186.5043,84.2245
187.0054,84.0062
187.4712,83.7876
187.9052,83.5686
188.3106,83.3493
188.6901,83.1298
189.0459,82.91
189.3803,82.69
189.6952,82.4698
189.992,82.2495
190.2724,82.029
190.5377,81.8084
190.789,81.5878
191.0274,81.367
191.2538,81.1461
191.4692,80.9252
191.6743,80.7042
191.8699,80.4832
192.0565,80.2621
192.2348,80.0411
192.4054,79.82
192.5686,79.5989
192.725,79.3777
192.875,79.1566
193.0189,78.9355
193.1572,78.7145
193.2902,78.4934
193.4181,78.2724
193.5412,78.0514
193.6598,77.8304
193.7742,77.6095
193.8845,77.3886
193.991,77.1678
194.0939,76.947
194.1933,76.7263
194.2894,76.5056
194.3824,76.285
194.4725,76.0645
194.5597,75.844
194.6442,75.6237
194.7261,75.4034
194.8056,75.1831
194.8827,74.963
194.9575,74.7429
195.0303,74.523
195.1009,74.3031
195.1696,74.0833
195.2363,73.8636
195.3013,73.644
195.3645,73.4245
195.4261,73.2051
195.486,72.9859
195.5444,72.7667
195.6013,72.5476
195.6568,72.3287
195.7109,72.1098
195.7636,71.8911
195.8151,71.6725
195.8653,71.454
195.9144,71.2357
195.9623,71.0174
196.0091,70.7993
196.0548,70.5813
196.0995,70.3635
196.1432,70.1458
196.1859,69.9282
196.2277,69.7107
196.2686,69.4934
196.3086,69.2762
196.3478,69.0592
196.6662,67.1125
196.6981,66.897
196.7295,66.6816
196.7603,66.4664
196.7905,66.2513
196.8202,66.0364
197.0391,64.3233
197.0643,64.11
197.0892,63.8968
197.1136,63.6838
197.1376,63.471
197.1612,63.2584
197.4923,59.8819
197.5105,59.6726
197.5283,59.4634
197.546,59.2545
197.5634,59.0458
197.5805,58.8372
197.5974,58.6289
197.614,58.4208
197.6305,58.2129
23.5137,64.7384
23.5448,64.9522
23.5763,65.1661
23.6085,65.3802
23.6412,65.5945
23.6745,65.8089
24.6001,70.5651
24.6533,70.7828
24.8793,71.6552
24.9392,71.8736
25.0006,72.0921
25.0636,72.3107
25.1282,72.5294
25.1944,72.7482
25.2624,72.9671
25.3321,73.1861
25.4038,73.4053
25.4774,73.6245
25.553,73.8438
25.6307,74.0632
25.7106,74.2827
25.7928,74.5023
25.8774,74.7219
25.9645,74.9417
26.0542,75.1615
26.1466,75.3813
26.2419,75.6013
26.3402,75.8213
26.4416,76.0414
26.5463,76.2615
26.6544,76.4817
26.7662,76.702
26.8817,76.9223
27.0013,77.1426
27.125,77.363
27.2532,77.5834
27.386,77.8038
27.5238,78.0243
27.6668,78.2448
27.8153,78.4653
27.9696,78.6858
28.1301,78.9062
28.2971,79.1267
28.4711,79.3472
28.6525,79.5677
28.8418,79.7881
29.0395,80.0085
29.2461,80.2288
29.4623,80.449
29.6888,80.6692
29.9262,80.8894
30.1755,81.1094
30.4375,81.3293
30.7131,81.5491
31.0035,81.7687
31.3099,81.9882
31.6336,82.2075
31.9761,82.4266
32.3391,82.6454
32.7243,82.864
33.134,83.0823
33.5704,83.3003
34.0362,83.5179
34.5345,83.7351
35.0685,83.9519
35.6422,84.1681
36.2602,84.3837
36.9275,84.5987
37.6501,84.8129
38.4349,85.0263
181.565,85.0263
182.3499,84.8129
183.0725,84.5987
183.7398,84.3837
184.3578,84.1681
184.9315,83.9519
185.4655,83.7351
185.9638,83.5179
186.4296,83.3003
186.866,83.0823
187.2757,82.864
187.6609,82.6454
188.0239,82.4266
188.3664,82.2075
188.6901,81.9882
188.9965,81.7687
189.2869,81.5491
189.5625,81.3293
189.8245,81.1094
190.0738,80.8894
190.3112,80.6692
190.5377,80.449
190.7539,80.2288
190.9605,80.0085
191.1582,79.7881
191.3475,79.5677
191.5289,79.3472
191.7029,79.1267
191.8699,78.9062
192.0304,78.6858
192.1847,78.4653
192.3332,78.2448
192.4762,78.0243
192.614,77.8038
192.7468,77.5834
192.875,77.363
192.9987,77.1426
193.1183,76.9223
193.2338,76.702
193.3456,76.4817
193.4537,76.2615
193.5584,76.0414
193.6598,75.8213
193.7581,75.6013
193.8534,75.3813
193.9458,75.1615
194.0355,74.9417
194.1226,74.7219
194.2072,74.5023
194.2894,74.2827
194.3693,74.0632
194.447,73.8438
194.5226,73.6245
194.5962,73.4053
194.6678,73.1861
194.7376,72.9671
194.8056,72.7482
194.8718,72.5294
194.9364,72.3107
194.9994,72.0921
195.0608,71.8736
195.1207,71.6552
195.1792,71.4369
195.2363,71.2188
195.2921,71.0007
195.3466,70.7828
195.3999,70.5651
195.452,70.3474
195.5029,70.1299
195.5526,69.9125
195.6013,69.6952
195.6489,69.4781
195.6955,69.2611
195.7411,69.0442
195.7858,68.8275
195.9958,67.746
196.0353,67.5301
196.0741,67.3144
196.1121,67.0989
196.1494,66.8835
196.1859,66.6683
196.2218,66.4532
196.257,66.2383
196.2916,66.0235
196.5467,64.3114
196.5761,64.0981
196.6051,63.8851
196.6335,63.6722
196.6615,63.4595
196.6891,63.2469
197.075,59.872
197.0962,59.6627
197.117,59.4537
197.1376,59.2448
197.1579,59.0361
197.1778,58.8277
197.1975,58.6195
197.217,58.4114
197.2361,58.2036
23.9794,64.5109
24.0142,64.7243
24.0496,64.938
24.0856,65.1518
24.1223,65.3657
24.1596,65.5798
24.1977,65.7941
25.1364,70.1116
25.1944,70.3289
25.2538,70.5463
25.3145,70.7639
25.3767,70.9815
25.5055,71.4172
25.5722,71.6352
25.6405,71.8534
25.7106,72.0716
25.7824,72.2899
25.856,72.5084
25.9315,72.7269
26.009,72.9455
26.0885,73.1643
26.1702,73.3831
26.254,73.602
26.3402,73.821
26.4287,74.04
26.5198,74.2592
26.6135,74.4784
26.7098,74.6977
26.809,74.9171
26.9112,75.1365
27.0165,75.356
27.125,75.5755
27.2369,75.7952
27.3524,76.0148
27.4716,76.2345
27.5946,76.4542
27.7218,76.674
27.8533,76.8938
27.9893,77.1137
28.1301,77.3335
28.2759,77.5534
28.427,77.7733
28.5836,77.9931
28.7462,78.213
28.9149,78.4329
29.0903,78.6527
29.2726,78.8726
29.4623,79.0923
29.6599,79.3121
29.8658,79.5318
30.0806,79.7514
30.3048,79.971
30.5392,80.1904
30.7843,80.4098
31.0409,80.6291
31.3099,80.8482
31.5922,81.0672
31.8887,81.286
32.2005,81.5046
32.5288,81.7231
32.875,81.9413
33.2405,82.1593
33.627,82.377
34.0362,82.5943
34.4703,82.8114
34.9314,83.028
35.4222,83.2442
35.9454,83.46
36.5044,83.6751
37.1027,83.8897
37.7447,84.1037
38.4349,84.3168
39.179,84.5292
39.9831,84.7405
40.8545,84.9508
179.1455,84.9508
180.0169,84.7405
180.821,84.5292
181.565,84.3168
182.2553,84.1037
182.8973,83.8897
183.4956,83.6751
184.0546,83.46
184.5778,83.2442
185.0686,83.028
185.5297,82.8114
185.9638,82.5943
186.373,82.377
186.7595,82.1593
187.125,81.9413
187.4712,81.7231
187.7995,81.5046
188.1113,81.286
188.4078,81.0672
188.6901,80.8482
188.9591,80.6291
189.2157,80.4098
189.4608,80.1904
189.6952,79.971
189.9194,79.7514
190.1342,79.5318
190.3401,79.3121
190.5377,79.0923
190.7274,78.8726
190.9097,78.6527
191.0851,78.4329
191.2538,78.213
191.4164,77.9931
191.573,77.7733
191.7241,77.5534
191.8699,77.3335
192.0107,77.1137
192.1467,76.8938
192.2782,76.674
192.4054,76.4542
192.5284,76.2345
192.6476,76.0148
192.7631,75.7952
192.875,75.5755
192.9835,75.356
193.0888,75.1365
193.1909,74.9171
193.2902,74.6977
193.3865,74.4784
193.4802,74.2592
193.5713,74.04
193.6598,73.821
193.746,73.602
193.8298,73.3831
193.9115,73.1643
193.991,72.9455
194.0685,72.7269
194.144,72.5084
194.2176,72.2899
194.2894,72.0716
194.3595,71.8534
194.4278,71.6352
194.4945,71.4172
194.5597,71.1993
194.6233,70.9815
194.6855,70.7639
194.7462,70.5463
194.8056,70.3289
194.8636,70.1116
194.9204,69.8944
194.9759,69.6773
195.0303,69.4604
195.0834,69.2436
195.1355,69.0269
195.1864,68.8104
195.3801,67.9456
195.4261,67.7298
195.4712,67.5141
195.5154,67.2986
195.5588,67.0832
195.6013,66.868
195.643,66.6529
195.684,66.438
195.7242,66.2232
195.7636,66.0086
196.0206,64.5109
196.0548,64.2976
196.0884,64.0845
196.1215,63.8715
196.154,63.6588
196.1859,63.4462
196.2174,63.2338
196.6822,59.6514
196.706,59.4424
196.7295,59.2336
196.7527,59.0251
196.7755,58.8167
196.798,58.6085
196.8202,58.4006
24.514,64.7084
24.5538,64.9219
24.5942,65.1355
24.6355,65.3493
24.6774,65.5633
24.7201,65.7774
25.9061,70.5251
25.9743,70.7424
26.0441,70.9598
26.1155,71.1773
26.1886,71.3949
26.2635,71.6126
26.3402,71.8305
26.4188,72.0484
26.4993,72.2664
26.5819,72.4846
26.6667,72.7028
26.7536,72.9211
26.8428,73.1395
26.9343,73.3579
27.0284,73.5765
27.125,73.7951
27.2243,74.0138
27.3264,74.2326
27.4314,74.4514
27.5394,74.6703
27.6506,74.8893
27.7652,75.1083
27.8831,75.3273
28.0047,75.5464
28.1301,75.7655
28.2594,75.9847
28.3929,76.2039
28.5308,76.4231
28.6732,76.6424
28.8204,76.8617
28.9726,77.0809
29.1302,77.3002
29.2933,77.5194
29.4623,77.7387
29.6375,77.9579
29.8193,78.1771
30.008,78.3963
30.204,78.6154
30.4077,78.8345
30.6196,79.0535
30.8403,79.2724
31.0702,79.4913
31.3099,79.71
31.5601,79.9286
31.8215,80.1472
32.0948,80.3655
32.3808,80.5837
32.6804,80.8018
32.9946,81.0196
33.3245,81.2372
33.6713,81.4546
34.0362,81.6717
34.4208,81.8885
34.8265,82.105
35.2551,82.3211
35.7086,82.5369
36.1892,82.7522
36.6992,82.9669
37.2415,83.1812
37.8189,83.3949
38.4349,83.6078
39.0935,83.8201
39.7989,84.0315
40.556,84.242
41.3706,84.4514
42.249,84.6597
43.1986,84.8667
176.8014,84.8667
177.751,84.6597
178.6294,84.4514
179.444,84.242
180.2011,84.0315
180.9065,83.8201
181.565,83.6078
182.1811,83.3949
182.7585,83.1812
183.3008,82.9669
183.8108,82.7522
184.2914,82.5369
184.7449,82.3211
185.1735,82.105
185.5792,81.8885
185.9638,81.6717
186.3287,81.4546
186.6755,81.2372
187.0054,81.0196
187.3196,80.8018
187.6192,80.5837
187.9052,80.3655
188.1785,80.1472
188.4399,79.9286
188.6901,79.71
188.9298,79.4913
189.1597,79.2724
189.3803,79.0535
189.5923,78.8345
189.796,78.6154
189.992,78.3963
190.1807,78.1771
190.3625,77.9579
190.5377,77.7387
190.7067,77.5194
190.8698,77.3002
191.0274,77.0809
191.1796,76.8617
191.3268,76.6424
191.4692,76.4231
191.6071,76.2039
191.7406,75.9847
191.8699,75.7655
191.9953,75.5464
192.1169,75.3273
192.2348,75.1083
192.3493,74.8893
192.4606,74.6703
192.5686,74.4514
192.6736,74.2326
192.7757,74.0138
192.875,73.7951
192.9716,73.5765
193.0657,73.3579
193.1572,73.1395
193.2464,72.9211
193.3333,72.7028
193.4181,72.4846
193.5007,72.2664
193.5812,72.0484
193.6598,71.8305
193.7365,71.6126
193.8114,71.3949
193.8845,71.1773
193.9559,70.9598
194.0257,70.7424
194.0939,70.5251
194.1605,70.3079
194.2257,70.0908
194.2894,69.8739
194.3518,69.657
194.4128,69.4404
194.4725,69.2238
194.5309,69.0073
194.5881,68.791
194.7529,68.1429
194.8056,67.9271
194.8572,67.7115
194.9079,67.496
194.9575,67.2806
195.0063,67.0654
195.054,66.8504
195.1009,66.6355
195.1469,66.4207
195.5251,64.4951
195.5635,64.282
195.6013,64.069
195.6384,63.8562
195.6749,63.6436
195.7109,63.4311
195.7462,63.2189
196.2686,59.6385
196.2954,59.4296
196.3218,59.221
196.3478,59.0125
196.3734,58.8042
196.3987,58.5962
196.4237,58.3883
25.0572,64.904
25.1022,65.1174
25.1479,65.331
25.1944,65.5448
26.4831,70.2845
26.5569,70.5014
26.6325,70.7184
26.7098,70.9355
26.789,71.1527
26.87,71.37
26.953,71.5874
27.0379,71.8049
27.125,72.0225
27.2143,72.2402
27.3058,72.458
27.3996,72.6759
27.4958,72.8938
27.5946,73.1118
27.696,73.3299
27.8002,73.5481
27.9072,73.7663
28.0171,73.9846
28.1301,74.2029
28.2463,74.4213
28.3659,74.6398
28.4889,74.8582
28.6156,75.0768
28.7462,75.2953
28.8806,75.5139
29.0193,75.7325
29.1623,75.9512
29.3099,76.1698
29.4623,76.3885
29.6197,76.6071
29.7824,76.8258
29.9506,77.0444
30.1247,77.263
30.3048,77.4816
30.4915,77.7002
30.6849,77.9187
30.8855,78.1372
31.0937,78.3556
31.3099,78.5739
31.5346,78.7921
31.7683,79.0102
32.0115,79.2283
32.2648,79.4462
32.5288,79.6639
32.8043,79.8816
33.0919,80.099
33.3925,80.3163
33.707,80.5333
34.0362,80.7501
34.3814,80.9667
34.7436,81.183
35.124,81.399
35.5241,81.6146
35.9454,81.8299
36.3895,82.0448
36.8584,82.2592
37.354,82.4732
37.8787,82.6865
38.4349,82.8993
39.0256,83.1115
39.6538,83.3229
40.3231,83.5335
41.0375,83.7432
41.8014,83.9519
42.6199,84.1595
43.4986,84.3658
44.4439,84.5708
45.4633,84.7742
46.565,84.9759
173.435,84.9759
174.5367,84.7742
175.556,84.5708
176.5014,84.3658
177.3801,84.1595
178.1986,83.9519
178.9625,83.7432
179.6769,83.5335
180.3462,83.3229
180.9744,83.1115
181.565,82.8993
182.1213,82.6865
182.646,82.4732
183.1416,82.2592
183.6105,82.0448
184.0546,81.8299
184.4759,81.6146
184.876,81.399
185.2564,81.183
185.6186,80.9667
185.9638,80.7501
186.293,80.5333
186.6075,80.3163
186.9081,80.099
187.1957,79.8816
187.4712,79.6639
187.7352,79.4462
187.9885,79.2283
188.2317,79.0102
188.4654,78.7921
188.6901,78.5739
188.9063,78.3556
189.1145,78.1372
189.3151,77.9187
189.5085,77.7002
189.6952,77.4816
189.8753,77.263
190.0494,77.0444
190.2176,76.8258
190.3803,76.6071
190.5377,76.3885
190.6901,76.1698
190.8376,75.9512
190.9807,75.7325
191.1193,75.5139
191.2538,75.2953
191.3844,75.0768
191.511,74.8582
191.6341,74.6398
191.7537,74.4213
191.8699,74.2029
191.9829,73.9846
192.0928,73.7663
192.1998,73.5481
192.304,73.3299
192.4054,73.1118
192.5041,72.8938
192.6004,72.6759
192.6942,72.458
192.7857,72.2402
192.875,72.0225
192.9621,71.8049
193.047,71.5874
193.13,71.37
193.211,71.1527
193.2902,70.9355
193.3675,70.7184
193.4431,70.5014
193.5169,70.2845
193.5892,70.0677
193.6598,69.851
193.7289,69.6344
193.7965,69.418
193.8627,69.2017
193.9276,68.9855
193.991,68.7694
194.1737,68.122
194.2321,67.9064
194.2894,67.691
194.3456,67.4757
194.4007,67.2606
194.4547,67.0456
194.5077,66.8308
194.5597,66.6161
194.6107,66.4015
195.0303,64.4775
195.0729,64.2645
195.1148,64.0517
195.156,63.8391
195.1965,63.6266
195.2363,63.4143
195.2756,63.2022
195.3141,62.9903
195.352,62.7785
195.8554,59.6241
195.8851,59.4154
195.9144,59.2068
195.9433,58.9985
195.9717,58.7903
195.9998,58.5824
196.0275,58.3746
196.0548,58.1671
27.125,70.2586
27.2061,70.4752
27.2889,70.6919
27.3738,70.9087
27.4606,71.1256
27.5494,71.3425
27.6404,71.5596
27.7336,71.7768
27.8291,71.994
27.9269,72.2113
28.0272,72.4287
28.1301,72.6462
28.2356,72.8637
28.3439,73.0813
28.455,73.299
28.5691,73.5167
28.6863,73.7345
28.8068,73.9523
28.9306,74.1702
29.0579,74.3881
29.1888,74.6061
29.3236,74.824
29.4623,75.042
29.6052,75.2601
29.7524,75.4781
29.9042,75.6962
30.0607,75.9142
30.2222,76.1322
30.3889,76.3503
30.561,76.5683
30.7389,76.7863
30.9228,77.0042
31.113,77.2221
31.3099,77.44
31.5138,77.6578
31.7251,77.8755
31.9442,78.0931
32.1714,78.3107
32.4074,78.5281
32.6525,78.7455
32.9074,78.9626
33.1725,79.1797
33.4486,79.3966
33.7363,79.6133
34.0362,79.8298
34.3493,80.0461
34.6764,80.2621
35.0184,80.4779
35.3762,80.6934
35.7512,80.9086
36.1443,81.1235
36.5571,81.338
36.9908,81.552
37.4472,81.7657
37.9279,81.9788
38.4349,82.1914
38.9704,82.4034
39.5366,82.6147
40.1363,82.8254
40.7723,83.0352
41.4477,83.2442
42.1663,83.4523
42.9321,83.6592
43.7495,83.8651
44.6236,84.0696
45.56,84.2727
46.565,84.4742
47.646,84.6739
48.8108,84.8716
171.1892,84.8716
172.354,84.6739
173.435,84.4742
174.44,84.2727
175.3764,84.0696
176.2505,83.8651
177.0679,83.6592
177.8336,83.4523
178.5523,83.2442
179.2278,83.0352
179.8637,82.8254
180.4633,82.6147
181.0296,82.4034
181.565,82.1914
182.0721,81.9788
182.5528,81.7657
183.0092,81.552
183.4429,81.338
183.8557,81.1235
184.2488,80.9086
184.6237,80.6934
184.9816,80.4779
185.3236,80.2621
185.6507,80.0461
185.9638,79.8298
186.2637,79.6133
186.5514,79.3966
186.8275,79.1797
187.0926,78.9626
187.3475,78.7455
187.5926,78.5281
187.8286,78.3107
188.0558,78.0931
188.2749,77.8755
188.4862,77.6578
188.6901,77.44
188.8869,77.2221
189.0772,77.0042
189.2611,76.7863
189.439,76.5683
189.6111,76.3503
189.7778,76.1322
189.9393,75.9142
190.0958,75.6962
190.2476,75.4781
190.3948,75.2601
190.5377,75.042
190.6764,74.824
190.8112,74.6061
190.9421,74.3881
191.0694,74.1702
191.1932,73.9523
191.3136,73.7345
191.4309,73.5167
191.545,73.299
191.6561,73.0813
191.7644,72.8637
191.8699,72.6462
191.9728,72.4287
192.0731,72.2113
192.1709,71.994
192.2664,71.7768
192.3596,71.5596
192.4506,71.3425
192.5394,71.1256
192.6262,70.9087
192.711,70.6919
192.7939,70.4752
192.875,70.2586
192.9542,70.0421
193.0317,69.8257
193.1076,69.6095
193.1818,69.3933
193.2544,69.1773
193.3255,68.9613
193.3952,68.7455
193.4634,68.5299
193.5302,68.3143
193.5957,68.0989
193.6598,67.8836
193.7227,67.6684
193.7844,67.4534
193.8448,67.2385
193.9041,67.0237
193.9623,66.8091
194.0194,66.5946
194.0754,66.3803
194.1304,66.1661
194.1844,65.952
194.583,64.2453
194.629,64.0327
194.6743,63.8202
194.7188,63.6079
194.7625,63.3958
194.8056,63.1838
194.8479,62.972
194.8896,62.7604
194.9306,62.549
194.9709,62.3377
195.272,60.6543
195.3071,60.4447
195.4095,59.817
195.4426,59.6082
195.4752,59.3996
195.5074,59.1912
195.5391,58.983
195.5704,58.7749
195.6013,58.5671
195.6317,58.3595
27.7652,70.2303
27.8533,70.4466
27.9435,70.6629
28.0357,70.8794
28.1301,71.0959
28.2267,71.3125
28.3256,71.5292
28.427,71.746
28.5308,71.9628
28.6371,72.1797
28.7462,72.3967
28.858,72.6137
28.9726,72.8308
29.0903,73.048
29.211,73.2652
29.335,73.4825
29.4623,73.6998
29.5931,73.9171
29.7276,74.1345
29.8658,74.3518
30.008,74.5693
30.1543,74.7867
30.3048,75.0041
30.4599,75.2215
30.6196,75.439
30.7843,75.6564
30.9541,75.8738
31.1292,76.0912
31.3099,76.3085
31.4966,76.5259
31.6894,76.7431
31.8887,76.9603
32.0948,77.1775
32.308,77.3945
32.5288,77.6115
32.7575,77.8284
32.9946,78.0451
33.2405,78.2617
33.4957,78.4782
33.7608,78.6946
34.0362,78.9108
34.3227,79.1267
34.6209,79.3425
34.9314,79.5581
35.2551,79.7734
35.5928,79.9884
35.9454,80.2032
36.3138,80.4176
36.6992,80.6317
37.1027,80.8455
37.5256,81.0588
37.9691,81.2716
38.4349,81.484
38.9246,81.6958
39.44,81.9071
39.9831,82.1177
40.556,82.3277
41.1613,82.5369
41.8014,82.7452
42.4794,82.9527
43.1986,83.1591
43.9625,83.3645
44.7751,83.5686
45.641,83.7714
46.565,83.9727
47.5528,84.1724
48.6105,84.3703
49.7449,84.5662
50.9638,84.7598
52.2756,84.9508
167.7243,84.9508
169.0362,84.7598
170.2551,84.5662
171.3895,84.3703
172.4472,84.1724
173.435,83.9727
174.359,83.7714
175.2249,83.5686
176.0375,83.3645
176.8014,83.1591
177.5206,82.9527
178.1986,82.7452
178.8387,82.5369
179.444,82.3277
180.0169,82.1177
180.56,81.9071
181.0754,81.6958
181.565,81.484
182.0309,81.2716
182.4744,81.0588
182.8973,80.8455
183.3008,80.6317
183.6861,80.4176
184.0546,80.2032
184.4072,79.9884
184.7449,79.7734
185.0686,79.5581
185.3791,79.3425
185.6773,79.1267
185.9638,78.9108
186.2392,78.6946
186.5043,78.4782
186.7595,78.2617
187.0054,78.0451
187.2425,77.8284
187.4712,77.6115
187.692,77.3945
187.9052,77.1775
188.1113,76.9603
188.3106,76.7431
188.5034,76.5259
188.6901,76.3085
188.8708,76.0912
189.0459,75.8738
189.2157,75.6564
189.3803,75.439
189.5401,75.2215
189.6952,75.0041
189.8457,74.7867
189.992,74.5693
190.1342,74.3518
190.2724,74.1345
190.4069,73.9171
190.5377,73.6998
190.665,73.4825
190.789,73.2652
190.9097,73.048
191.0274,72.8308
191.142,72.6137
191.2538,72.3967
191.3629,72.1797
191.4692,71.9628
191.573,71.746
191.6743,71.5292
191.7733,71.3125
191.8699,71.0959
191.9643,70.8794
192.0565,70.6629
192.1467,70.4466
192.2348,70.2303
192.321,70.0142
192.4054,69.7981
192.4879,69.5822
192.5686,69.3663
192.6476,69.1506
192.725,68.935
192.8008,68.7194
192.875,68.5041
192.9477,68.2888
193.0189,68.0736
193.0888,67.8586
193.1572,67.6437
193.2243,67.4289
193.2902,67.2143
193.3547,66.9998
193.4181,66.7854
193.4802,66.5711
193.5412,66.357
193.601,66.1431
193.6598,65.9293
194.0429,64.4368
194.0939,64.2242
194.144,64.0118
194.1933,63.7995
194.2417,63.5874
194.2894,63.3755
194.3363,63.1637
194.3824,62.9521
194.4278,62.7407
194.4725,62.5294
194.5164,62.3183
194.7661,61.0556
194.8056,60.8458
194.8444,60.6361
194.8827,60.4267
194.9204,60.2174
194.9575,60.0084
194.9942,59.7995
195.0303,59.5908
195.0658,59.3824
195.1009,59.1741
195.1355,58.966
195.1696,58.7581
195.2032,58.5504
195.2363,58.3429
195.2691,58.1356
28.4034,70.1996
28.4985,70.4155
28.5959,70.6315
28.6955,70.8476
28.7974,71.0637
28.9017,71.2799
29.0085,71.4962
29.1179,71.7125
29.2299,71.9289
29.3447,72.1454
29.4623,72.362
29.5829,72.5785
29.7066,72.7952
29.8336,73.0118
29.9638,73.2286
30.0975,73.4453
30.2348,73.6621
30.3758,73.8789
30.5208,74.0957
30.6698,74.3125
30.823,74.5293
30.9806,74.7462
31.1429,74.963
31.3099,75.1798
31.482,75.3966
31.6593,75.6133
31.8421,75.8301
32.0306,76.0467
32.2251,76.2634
32.4259,76.4799
32.6334,76.6964
32.8477,76.9128
33.0693,77.1291
33.2986,77.3453
33.5358,77.5614
33.7816,77.7773
34.0362,77.9931
34.3003,78.2088
34.5742,78.4243
34.8586,78.6395
35.1541,78.8546
35.4612,79.0695
35.7807,79.2841
36.1134,79.4984
36.46,79.7124
36.8214,79.9262
37.1985,80.1395
37.5924,80.3525
38.0042,80.5651
38.4349,80.7773
38.8861,80.9889
39.359,81.2001
39.8552,81.4107
40.3764,81.6206
40.9245,81.8299
41.5014,82.0385
42.1094,82.2463
42.751,82.4532
43.4287,82.6591
44.1455,82.864
44.9048,83.0678
45.7099,83.2703
46.565,83.4715
47.4744,83.6712
48.4429,83.8692
49.4759,84.0654
50.5792,84.2595
51.7595,84.4514
53.0239,84.6409
54.3803,84.8275
55.8376,85.0111
164.1624,85.0111
165.6196,84.8275
166.9761,84.6409
168.2405,84.4514
169.4208,84.2595
170.5241,84.0654
171.5571,83.8692
172.5256,83.6712
173.435,83.4715
174.29,83.2703
175.0952,83.0678
175.8545,82.864
176.5713,82.6591
177.249,82.4532
177.8905,82.2463
178.4986,82.0385
179.0755,81.8299
179.6236,81.6206
180.1448,81.4107
180.641,81.2001
181.1139,80.9889
181.565,80.7773
181.9958,80.5651
182.4076,80.3525
182.8015,80.1395
183.1786,79.9262
183.54,79.7124
183.8866,79.4984
184.2193,79.2841
184.5388,79.0695
184.8459,78.8546
185.1414,78.6395
185.4258,78.4243
185.6997,78.2088
185.9638,77.9931
186.2184,77.7773
186.4641,77.5614
186.7014,77.3453
186.9307,77.1291
187.1523,76.9128
187.3666,76.6964
187.5741,76.4799
187.7749,76.2634
187.9694,76.0467
188.1579,75.8301
188.3407,75.6133
188.518,75.3966
188.6901,75.1798
188.8571,74.963
189.0193,74.7462
189.177,74.5293
189.3302,74.3125
189.4792,74.0957
189.6241,73.8789
189.7652,73.6621
189.9025,73.4453
190.0362,73.2286
190.1664,73.0118
190.2933,72.7952
190.4171,72.5785
190.5377,72.362
190.6553,72.1454
190.7701,71.9289
190.8821,71.7125
190.9915,71.4962
191.0983,71.2799
191.2026,71.0637
191.3045,70.8476
191.4041,70.6315
191.5014,70.4155
191.5966,70.1996
191.6897,69.9838
191.7808,69.7681
191.8699,69.5525
191.9571,69.337
192.0425,69.1216
192.1261,68.9063
192.2079,68.6911
192.2881,68.476
192.3667,68.2611
192.4436,68.0462
192.5191,67.8315
192.5931,67.6169
192.6656,67.4024
192.7367,67.188
192.8065,66.9737
192.875,66.7596
192.9422,66.5457
193.0081,66.3318
193.0728,66.1181
193.1363,65.9046
193.5505,64.4137
193.6056,64.2013
193.6598,63.9891
193.7131,63.777
193.7655,63.5651
193.8171,63.3534
193.8678,63.1418
193.9177,62.9304
193.9668,62.7192
194.0151,62.5081
194.0626,62.2972
194.1094,62.0865
194.1554,61.876
194.2894,61.2454
194.3327,61.0356
194.3754,60.8259
194.4174,60.6165
194.4588,60.4072
194.4996,60.1981
194.5398,59.9892
194.5794,59.7805
194.6185,59.5719
194.657,59.3636
194.6949,59.1555
194.7323,58.9476
194.7692,58.7398
194.8056,58.5323
194.8415,58.3249
194.8768,58.1178
29.0395,70.1666
29.2461,70.5976
29.353,70.8133
29.4623,71.029
29.5742,71.2448
29.6888,71.4606
29.8061,71.6765
29.9262,71.8925
30.0493,72.1085
30.1755,72.3245
30.3048,72.5406
30.4375,72.7567
30.5735,72.9729
30.7131,73.1891
30.8564,73.4053
31.0035,73.6215
31.1547,73.8377
31.3099,74.0539
31.4695,74.2701
31.6336,74.4864
31.8024,74.7025
31.9761,74.9187
32.1549,75.1348
32.3391,75.3509
32.5288,75.567
32.7243,75.783
32.926,75.9989
33.134,76.2147
33.3487,76.4305
33.5704,76.6461
33.7995,76.8617
34.0362,77.0771
34.2811,77.2924
34.5345,77.5075
34.7968,77.7225
35.0685,77.9373
35.3501,78.1519
35.6422,78.3663
35.9454,78.5804
36.2602,78.7943
36.5873,79.008
36.9275,79.2213
37.2815,79.4343
37.6501,79.647
38.0343,79.8593
38.4349,80.0713
38.8531,80.2827
39.29,80.4937
39.7468,80.7042
40.2248,80.9141
40.7256,81.1235
41.2505,81.3322
41.8014,81.5402
42.3801,81.7474
42.9887,81.9538
43.6294,82.1593
44.3045,82.3638
45.0169,82.5672
45.7693,82.7695
46.565,82.9705
47.4076,83.1702
48.3008,83.3683
49.2488,83.5647
50.2564,83.7593
51.3287,83.9519
52.4712,84.1422
53.6901,84.3302
54.992,84.5154
56.3843,84.6976
57.875,84.8765
162.125,84.8765
163.6156,84.6976
165.008,84.5154
166.3099,84.3302
167.5288,84.1422
168.6713,83.9519
169.7436,83.7593
170.7512,83.5647
171.6992,83.3683
172.5924,83.1702
173.435,82.9705
174.2307,82.7695
174.9831,82.5672
175.6954,82.3638
176.3706,82.1593
177.0113,81.9538
177.6199,81.7474
178.1986,81.5402
178.7495,81.3322
179.2744,81.1235
179.7751,80.9141
180.2532,80.7042
180.71,80.4937
181.1469,80.2827
181.565,80.0713
181.9657,79.8593
182.3499,79.647
182.7185,79.4343
183.0725,79.2213
183.4127,79.008
183.7398,78.7943
184.0546,78.5804
184.3578,78.3663
184.6499,78.1519
184.9315,77.9373
185.2032,77.7225
185.4655,77.5075
185.7189,77.2924
185.9638,77.0771
186.2005,76.8617
186.4296,76.6461
186.6513,76.4305
186.866,76.2147
187.074,75.9989
187.2757,75.783
187.4712,75.567
187.6609,75.3509
187.8451,75.1348
188.0239,74.9187
188.1976,74.7025
188.3664,74.4864
188.5305,74.2701
188.6901,74.0539
188.8453,73.8377
188.9965,73.6215
189.1436,73.4053
189.2869,73.1891
189.4265,72.9729
189.5625,72.7567
189.6952,72.5406
189.8245,72.3245
189.9507,72.1085
190.0738,71.8925
190.1939,71.6765
190.3112,71.4606
190.4258,71.2448
190.5377,71.029
190.647,70.8133
190.7539,70.5976
190.8584,70.382
190.9605,70.1666
191.0604,69.9511
191.1582,69.7358
191.2538,69.5206
191.3475,69.3054
191.4391,69.0904
191.5289,68.8754
191.6168,68.6606
191.7029,68.4458
191.7872,68.2312
191.8699,68.0166
191.9509,67.8022
192.0304,67.5879
192.1083,67.3737
192.1847,67.1596
192.2597,66.9457
192.3332,66.7319
192.4054,66.5182
192.4762,66.3046
192.5457,66.0912
192.614,65.8779
192.681,65.6647
192.8115,65.2388
192.875,65.0261
192.9374,64.8135
192.9987,64.6011
193.059,64.3888
193.1183,64.1766
193.1765,63.9646
193.2338,63.7528
193.2902,63.5411
193.3456,63.3296
193.4001,63.1182
193.4537,62.9071
193.5065,62.696
193.5584,62.4852
193.6095,62.2745
193.6598,62.064
193.7093,61.8536
193.7581,61.6434
193.8061,61.4334
193.8534,61.2236
193.8999,61.014
193.9458,60.8045
193.991,60.5952
194.0355,60.3861
194.0794,60.1772
194.1226,59.9685
194.1652,59.7599
194.2072,59.5516
194.2486,59.3434
194.2894,59.1354
194.3296,58.9277
194.3693,58.7201
194.4084,58.5127
194.447,58.3055
29.5667,69.9161
29.6733,70.1311
29.8939,70.5613
30.008,70.7765
30.1247,70.9918
30.2441,71.2071
30.3663,71.4225
30.4915,71.6379
30.6196,71.8534
30.751,72.0689
30.8855,72.2844
31.0235,72.5
31.1649,72.7155
31.3099,72.9311
31.4587,73.1468
31.6115,73.3624
31.7683,73.578
31.9293,73.7936
32.0948,74.0092
32.2648,74.2248
32.4396,74.4403
32.6193,74.6558
32.8043,74.8713
32.9946,75.0867
33.1906,75.3021
33.3925,75.5173
33.6005,75.7325
33.815,75.9476
34.0362,76.1627
34.2645,76.3775
34.5002,76.5923
34.7436,76.8069
34.9951,77.0214
35.2551,77.2357
35.5241,77.4499
35.8025,77.6638
36.0908,77.8775
36.3895,78.091
36.6992,78.3043
37.0205,78.5173
37.354,78.7299
37.7004,78.9423
38.0605,79.1543
38.4349,79.366
38.8247,79.5772
39.2307,79.7881
39.6538,79.9984
40.0952,80.2083
40.556,80.4176
41.0375,80.6264
41.541,80.8345
42.0679,81.042
42.6199,81.2487
43.1986,81.4546
43.8059,81.6597
44.4439,81.8638
45.1148,82.0669
45.821,82.269
46.565,82.4698
47.3499,82.6694
48.1786,82.8675
49.0546,83.0642
49.9816,83.2591
50.9638,83.4523
52.0054,83.6434
53.1113,83.8323
54.2869,84.0189
55.5377,84.2028
56.8699,84.3837
58.2902,84.5615
59.8056,84.7358
61.4237,84.9061
158.5763,84.9061
160.1944,84.7358
161.7098,84.5615
163.1301,84.3837
164.4623,84.2028
165.7131,84.0189
166.8887,83.8323
167.9946,83.6434
169.0362,83.4523
170.0184,83.2591
170.9454,83.0642
171.8214,82.8675
172.6501,82.6694
173.435,82.4698
174.179,82.269
174.8852,82.0669
175.556,81.8638
176.1941,81.6597
176.8014,81.4546
177.3801,81.2487
177.9321,81.042
178.459,80.8345
178.9625,80.6264
179.444,80.4176
179.9048,80.2083
180.3462,79.9984
180.7693,79.7881
181.1753,79.5772
181.565,79.366
181.9395,79.1543
182.2996,78.9423
182.646,78.7299
182.9795,78.5173
183.3008,78.3043
183.6105,78.091
183.9092,77.8775
184.1975,77.6638
184.4759,77.4499
184.7449,77.2357
185.0049,77.0214
185.2564,76.8069
185.4998,76.5923
185.7355,76.3775
185.9638,76.1627
186.185,75.9476
186.3994,75.7325
186.6075,75.5173
186.8094,75.3021
187.0054,75.0867
187.1957,74.8713
187.3807,74.6558
187.5604,74.4403
187.7352,74.2248
187.9052,74.0092
188.0707,73.7936
188.2317,73.578
188.3885,73.3624
188.5412,73.1468
188.6901,72.9311
188.8351,72.7155
188.9765,72.5
189.1145,72.2844
189.249,72.0689
189.3803,71.8534
189.5085,71.6379
189.6337,71.4225
189.7559,71.2071
189.8753,70.9918
189.992,70.7765
190.1061,70.5613
190.2176,70.3462
190.3266,70.1311
190.4333,69.9161
190.5377,69.7012
190.6398,69.4863
190.7398,69.2716
190.8376,69.0569
190.9335,68.8423
191.0274,68.6278
191.1193,68.4134
191.2095,68.1991
191.2978,67.9849
191.3844,67.7708
191.4692,67.5569
191.5525,67.343
191.6341,67.1292
191.7142,66.9156
191.7928,66.7021
191.8699,66.4887
191.9456,66.2754
192.0199,66.0623
192.0928,65.8493
192.1645,65.6364
192.304,65.211
192.3719,64.9986
192.4386,64.7862
192.5041,64.5741
192.5686,64.362
192.6319,64.1501
192.6942,63.9384
192.7555,63.7268
192.8157,63.5153
192.875,63.3041
192.9333,63.0929
192.9906,62.882
193.047,62.6712
193.1026,62.4605
193.1572,62.2501
193.211,62.0398
193.264,61.8296
193.3161,61.6196
193.3675,61.4098
193.4181,61.2002
193.4679,60.9908
193.5169,60.7815
193.5653,60.5724
193.6129,60.3635
193.6598,60.1548
193.7516,59.7379
193.7965,59.5297
193.8408,59.3217
193.8845,59.1139
193.9276,58.9063
193.97,58.6989
194.0119,58.4917
194.0531,58.2847
30.0806,69.6642
30.1915,69.8787
30.3048,70.0933
30.5392,70.5226
30.6603,70.7373
30.7843,70.9521
30.9111,71.1669
31.0409,71.3818
31.1738,71.5967
31.3099,71.8117
31.4493,72.0266
31.5922,72.2416
31.7386,72.4566
31.8887,72.6716
32.0426,72.8867
32.2005,73.1017
32.3625,73.3167
32.5288,73.5316
32.6996,73.7466
32.875,73.9615
33.0552,74.1764
33.2405,74.3913
33.431,74.6061
33.627,74.8208
33.8286,75.0354
34.0362,75.25
34.25,75.4645
34.4703,75.6789
34.6973,75.8931
34.9314,76.1072
35.1729,76.3212
35.4222,76.5351
35.6795,76.7487
35.9454,76.9622
36.2202,77.1755
36.5044,77.3886
36.7984,77.6014
37.1027,77.814
37.418,78.0264
37.7447,78.2384
38.0834,78.4501
38.4349,78.6615
38.7999,78.8726
39.179,79.0832
39.5731,79.2934
39.9831,79.5032
40.4099,79.7124
40.8545,79.9212
41.3179,80.1294
41.8014,80.337
42.3062,80.5439
42.8336,80.7501
43.3852,80.9556
43.9625,81.1603
44.5672,81.3641
45.2011,81.5669
45.8663,81.7687
46.565,81.9694
47.2996,82.1689
48.0725,82.3671
48.8866,82.5639
49.7449,82.7591
50.6507,82.9527
51.6075,83.1444
52.6192,83.3342
53.6901,83.5218
54.8245,83.7071
56.0274,83.8897
57.3039,84.0696
58.6598,84.2464
60.1009,84.4197
61.6335,84.5894
63.2643,84.7549
65,84.916
155,84.916
156.7357,84.7549
158.3665,84.5894
159.8991,84.4197
161.3402,84.2464
162.696,84.0696
163.9726,83.8897
165.1755,83.7071
166.3099,83.5218
167.3808,83.3342
168.3925,83.1444
169.3493,82.9527
170.2551,82.7591
171.1134,82.5639
171.9275,82.3671
172.7004,82.1689
173.435,81.9694
174.1337,81.7687
174.7989,81.5669
175.4328,81.3641
176.0375,81.1603
176.6148,80.9556
177.1664,80.7501
177.6938,80.5439
178.1986,80.337
178.6821,80.1294
179.1455,79.9212
179.5901,79.7124
180.0169,79.5032
180.4269,79.2934
180.821,79.0832
181.2001,78.8726
181.565,78.6615
181.9165,78.4501
182.2553,78.2384
182.582,78.0264
182.8973,77.814
183.2016,77.6014
183.4956,77.3886
183.7798,77.1755
184.0546,76.9622
184.3205,76.7487
184.5778,76.5351
184.8271,76.3212
185.0686,76.1072
185.3027,75.8931
185.5297,75.6789
185.75,75.4645
185.9638,75.25
186.1714,75.0354
186.373,74.8208
186.569,74.6061
186.7595,74.3913
186.9447,74.1764
187.125,73.9615
187.3004,73.7466
187.4712,73.5316
187.6375,73.3167
187.7995,73.1017
187.9574,72.8867
188.1113,72.6716
188.2614,72.4566
188.4078,72.2416
188.5507,72.0266
188.6901,71.8117
188.8262,71.5967
188.9591,71.3818
189.0889,71.1669
189.2157,70.9521
189.3397,70.7373
189.4608,70.5226
189.5793,70.3079
189.6952,70.0933
189.8085,69.8787
189.9194,69.6642
190.028,69.4498
190.1342,69.2354
190.2382,69.0211
190.3401,68.807
190.4399,68.5929
190.5377,68.3788
190.6335,68.1649
190.7274,67.9511
190.8195,67.7374
190.9097,67.5237
190.9982,67.3102
191.0851,67.0968
191.1703,66.8835
191.2538,66.6703
191.3359,66.4572
191.4164,66.2443
191.4954,66.0314
191.573,65.8187
191.7977,65.1814
191.8699,64.9692
191.9409,64.7571
192.0107,64.5452
192.0793,64.3335
192.1467,64.1218
192.213,63.9104
192.2782,63.699
192.3423,63.4878
192.4054,63.2768
192.4674,63.0659
192.5284,62.8552
192.5885,62.6446
192.6476,62.4342
192.7058,62.224
192.7631,62.0139
192.8195,61.804
192.875,61.5942
192.9297,61.3847
192.9835,61.1753
193.0365,60.966
193.0888,60.757
193.1402,60.5481
193.1909,60.3394
193.3387,59.7143
193.3865,59.5063
193.4337,59.2985
193.4802,59.0909
193.526,58.8835
193.5713,58.6763
193.6158,58.4692
30.8139,69.839
30.9338,70.0531
31.0564,70.2672
31.1817,70.4814
31.3099,70.6957
31.441,70.91
31.5752,71.1243
31.7125,71.3386
31.853,71.553
31.9969,71.7674
32.1443,71.9818
32.2953,72.1962
32.45,72.4106
32.6086,72.625
32.7712,72.8394
32.938,73.0538
33.1092,73.2681
33.2849,73.4825
33.4652,73.6967
33.6504,73.911
33.8407,74.1251
34.0362,74.3392
34.2373,74.5533
34.444,74.7672
34.6567,74.9811
34.8757,75.1948
35.1011,75.4084
35.3333,75.6219
35.5725,75.8353
35.8192,76.0485
36.0736,76.2615
36.336,76.4744
36.607,76.6871
36.8868,76.8995
37.1759,77.1117
37.4748,77.3237
37.7839,77.5354
38.1038,77.7468
38.4349,77.9579
38.778,78.1687
39.1336,78.3791
39.5024,78.5892
39.8852,78.7988
40.2826,79.008
40.6954,79.2167
41.1247,79.4249
41.5713,79.6326
42.0362,79.8396
42.5206,80.0461
43.0255,80.2519
43.5523,80.4569
44.1022,80.6612
44.6769,80.8646
45.2777,81.0672
45.9065,81.2688
46.565,81.4693
47.2553,81.6687
47.9795,81.8669
48.7398,82.0638
49.5388,82.2592
50.3791,82.4532
51.2637,82.6454
52.1957,82.8359
53.1785,83.0244
54.2157,83.2108
55.3112,83.3949
56.4692,83.5764
57.6942,83.7553
58.991,83.9311
60.3645,84.1037
61.8202,84.2727
63.3634,84.4378
65,84.5987
66.7357,84.7549
68.5763,84.9061
151.4237,84.9061
153.2643,84.7549
155,84.5987
156.6366,84.4378
158.1798,84.2727
159.6355,84.1037
161.009,83.9311
162.3058,83.7553
163.5308,83.5764
164.6888,83.3949
165.7843,83.2108
166.8215,83.0244
167.8043,82.8359
168.7363,82.6454
169.6209,82.4532
170.4612,82.2592
171.2602,82.0638
172.0205,81.8669
172.7447,81.6687
173.435,81.4693
174.0935,81.2688
174.7223,81.0672
175.3231,80.8646
175.8978,80.6612
176.4477,80.4569
176.9745,80.2519
177.4794,80.0461
177.9638,79.8396
178.4287,79.6326
178.8753,79.4249
179.3046,79.2167
179.7175,79.008
180.1148,78.7988
180.4976,78.5892
180.8663,78.3791
181.222,78.1687
181.565,77.9579
181.8962,77.7468
182.2161,77.5354
182.5252,77.3237
182.8241,77.1117
183.1132,76.8995
183.393,76.6871
183.664,76.4744
183.9264,76.2615
184.1808,76.0485
184.4275,75.8353
184.6667,75.6219
184.8989,75.4084
185.1243,75.1948
185.3433,74.9811
185.556,74.7672
185.7627,74.5533
185.9638,74.3392
186.1593,74.1251
186.3496,73.911
186.5348,73.6967
186.7151,73.4825
186.8908,73.2681
187.062,73.0538
187.2288,72.8394
187.3914,72.625
187.55,72.4106
187.7047,72.1962
187.8557,71.9818
188.0031,71.7674
188.147,71.553
188.2875,71.3386
188.4248,71.1243
188.559,70.91
188.6901,70.6957
188.8182,70.4814
188.9436,70.2672
189.0662,70.0531
189.1861,69.839
189.3035,69.6249
189.4184,69.4109
189.5308,69.197
189.6409,68.9832
189.7488,68.7694
189.8545,68.5557
189.958,68.3421
190.0594,68.1286
190.1589,67.9151
190.2563,67.7018
190.352,67.4885
190.4457,67.2754
190.5377,67.0623
190.6279,66.8494
190.7165,66.6365
190.8033,66.4238
190.8886,66.2112
190.9724,65.9987
191.0546,65.7863
191.1354,65.574
191.2147,65.3619
191.2926,65.1498
191.3692,64.938
191.4444,64.7262
191.5184,64.5146
191.5911,64.3031
191.6626,64.0918
191.7328,63.8806
191.8019,63.6695
191.8699,63.4586
191.9368,63.2478
192.0025,63.0372
192.0672,62.8267
192.1309,62.6164
192.1936,62.4063
192.2553,62.1963
192.316,61.9864
192.3758,61.7767
192.4347,61.5672
192.4927,61.3579
192.5497,61.1487
192.606,60.9397
192.6614,60.7309
192.716,60.5222
192.7697,60.3137
192.9265,59.6893
192.9772,59.4815
193.0272,59.2739
193.0766,59.0665
193.1252,58.8593
193.1731,58.6522
193.2204,58.4454
31.3099,69.5834
31.4337,69.7969
31.5601,70.0105
31.6894,70.2242
31.8215,70.4379
31.9566,70.6516
32.0948,70.8654
32.2361,71.0791
32.3808,71.2929
32.5288,71.5067
32.6804,71.7206
32.8356,71.9344
32.9946,72.1482
33.1575,72.362
33.3245,72.5757
33.4957,72.7895
33.6713,73.0032
33.8514,73.2168
34.0362,73.4305
34.226,73.644
34.4208,73.8575
34.6209,74.0709
34.8265,74.2843
35.0378,74.4975
35.2551,74.7106
35.4786,74.9236
35.7086,75.1365
35.9454,75.3492
36.1892,75.5618
36.4404,75.7742
36.6992,75.9865
36.9661,76.1985
37.2415,76.4104
37.5256,76.622
37.8189,76.8333
38.1219,77.0444
38.4349,77.2552
38.7586,77.4658
39.0935,77.6759
39.44,77.8858
39.7989,78.0952
40.1706,78.3043
40.556,78.5129
40.9558,78.7211
41.3706,78.9288
41.8014,79.1359
42.249,79.3425
42.7144,79.5485
43.1986,79.7538
43.7026,79.9585
44.2277,80.1624
44.7751,80.3655
45.3462,80.5678
45.9423,80.7691
46.565,80.9695
47.2161,81.1688
47.8973,81.367
48.6105,81.5639
49.3577,81.7596
50.1414,81.9538
50.9638,82.1465
51.8274,82.3375
52.7352,82.5268
53.6901,82.7141
54.6951,82.8993
55.7539,83.0823
56.8699,83.2629
58.047,83.4407
59.2894,83.6157
60.6013,83.7876
61.9872,83.956
63.4518,84.1208
65,84.2815
66.6366,84.4378
68.3665,84.5894
70.1944,84.7358
72.125,84.8765
74.1623,85.0111
145.8376,85.0111
147.875,84.8765
149.8056,84.7358
151.6335,84.5894
153.3634,84.4378
155,84.2815
156.5482,84.1208
158.0128,83.956
159.3987,83.7876
160.7106,83.6157
161.953,83.4407
163.1301,83.2629
164.2461,83.0823
165.3048,82.8993
166.3099,82.7141
167.2648,82.5268
168.1726,82.3375
169.0362,82.1465
169.8586,81.9538
170.6422,81.7596
171.3895,81.5639
172.1027,81.367
172.7839,81.1688
173.435,80.9695
174.0577,80.7691
174.6538,80.5678
175.2249,80.3655
175.7722,80.1624
176.2973,79.9585
176.8014,79.7538
177.2856,79.5485
177.751,79.3425
178.1986,79.1359
178.6294,78.9288
179.0442,78.7211
179.444,78.5129
179.8294,78.3043
180.2011,78.0952
180.56,77.8858
180.9065,77.6759
181.2413,77.4658
181.565,77.2552
181.8781,77.0444
182.1811,76.8333
182.4744,76.622
182.7585,76.4104
183.0339,76.1985
183.3008,75.9865
183.5596,75.7742
183.8108,75.5618
184.0546,75.3492
184.2914,75.1365
184.5214,74.9236
184.7449,74.7106
184.9622,74.4975
185.1735,74.2843
185.3791,74.0709
185.5792,73.8575
185.774,73.644
185.9638,73.4305
186.1486,73.2168
186.3287,73.0032
186.5043,72.7895
186.6755,72.5757
186.8425,72.362
187.0054,72.1482
187.1644,71.9344
187.3196,71.7206
187.4712,71.5067
187.6192,71.2929
187.7639,71.0791
187.9052,70.8654
188.0434,70.6516
188.1785,70.4379
188.3106,70.2242
188.4399,70.0105
188.5663,69.7969
188.6901,69.5834
188.8112,69.3698
188.9298,69.1564
189.0459,68.943
189.1597,68.7297
189.2711,68.5164
189.3803,68.3032
189.4874,68.0901
189.5923,67.8771
189.6952,67.6641
189.796,67.4512
189.895,67.2385
189.992,67.0258
190.0872,66.8132
190.1807,66.6007
190.2724,66.3884
190.3625,66.1761
190.4509,65.9639
190.5377,65.7519
190.6229,65.54
190.7067,65.3282
190.789,65.1165
190.8698,64.9049
190.9493,64.6935
191.0274,64.4821
191.1041,64.271
191.1796,64.0599
191.2538,63.849
191.3268,63.6382
191.3986,63.4276
191.4692,63.2171
191.5387,63.0068
191.6071,62.7966
191.6743,62.5865
191.7406,62.3766
191.8057,62.1669
191.8699,61.9573
191.9331,61.7479
191.9953,61.5386
192.0565,61.3295
192.1169,61.1206
192.1763,60.9118
192.2348,60.7032
192.2925,60.4948
192.3493,60.2865
192.4054,60.0784
192.4606,59.8705
192.515,59.6627
192.5686,59.4552
192.6215,59.2478
192.6736,59.0406
192.725,58.8336
192.7757,58.6267
192.8257,58.4201
31.9207,69.5395
32.0508,69.7526
32.1836,69.9657
32.3194,70.1788
32.4582,70.392
32.6002,70.6051
32.7453,70.8183
32.8937,71.0315
33.0456,71.2448
33.2011,71.458
33.3602,71.6712
33.5232,71.8844
33.69,72.0975
33.861,72.3107
34.0362,72.5238
34.2158,72.7368
34.4,72.9498
34.5889,73.1628
34.7827,73.3757
34.9816,73.5885
35.1858,73.8012
35.3955,74.0138
35.611,74.2263
35.8324,74.4387
36.06,74.651
36.294,74.8631
36.5348,75.0751
36.7826,75.2869
37.0378,75.4986
37.3005,75.71
37.5713,75.9212
37.8503,76.1322
38.1381,76.343
38.4349,76.5535
38.7413,76.7637
39.0577,76.9737
39.3845,77.1833
39.7223,77.3925
40.0715,77.6014
40.4328,77.81
40.8068,78.0181
41.194,78.2257
41.5953,78.4329
42.0113,78.6395
42.4427,78.8457
42.8905,79.0512
43.3556,79.2561
43.8387,79.4604
44.3411,79.6639
44.8637,79.8668
45.4077,80.0687
45.9744,80.2699
46.565,80.47
47.1811,80.6692
47.8241,80.8674
48.4956,81.0644
49.1975,81.2601
49.9315,81.4546
50.6997,81.6476
51.5043,81.8391
52.3474,82.029
53.2317,82.2171
54.1597,82.4034
55.1342,82.5875
56.1582,82.7695
57.2348,82.9491
58.3675,83.1261
59.5597,83.3003
60.8151,83.4715
62.1376,83.6394
63.5312,83.8038
65,83.9644
66.5481,84.1208
68.1798,84.2727
69.8991,84.4197
71.7098,84.5615
73.6156,84.6976
75.6197,84.8275
77.7243,84.9508
142.2756,84.9508
144.3803,84.8275
146.3844,84.6976
148.2902,84.5615
150.1009,84.4197
151.8202,84.2727
153.4518,84.1208
155,83.9644
156.4688,83.8038
157.8624,83.6394
159.1849,83.4715
160.4403,83.3003
161.6325,83.1261
162.7652,82.9491
163.8418,82.7695
164.8658,82.5875
165.8403,82.4034
166.7683,82.2171
167.6525,82.029
168.4957,81.8391
169.3003,81.6476
170.0685,81.4546
170.8025,81.2601
171.5044,81.0644
172.1759,80.8674
172.8189,80.6692
173.435,80.47
174.0256,80.2699
174.5923,80.0687
175.1363,79.8668
175.6589,79.6639
176.1613,79.4604
176.6444,79.2561
177.1095,79.0512
177.5573,78.8457
177.9887,78.6395
178.4047,78.4329
178.8059,78.2257
179.1932,78.0181
179.5672,77.81
179.9285,77.6014
180.2777,77.3925
180.6155,77.1833
180.9423,76.9737
181.2587,76.7637
181.565,76.5535
181.8619,76.343
182.1497,76.1322
182.4287,75.9212
182.6995,75.71
182.9622,75.4986
183.2173,75.2869
183.4652,75.0751
183.7059,74.8631
183.94,74.651
184.1676,74.4387
184.389,74.2263
184.6044,74.0138
184.8142,73.8012
185.0184,73.5885
185.2173,73.3757
185.4111,73.1628
185.6,72.9498
185.7841,72.7368
185.9638,72.5238
186.139,72.3107
186.31,72.0975
186.4768,71.8844
186.6398,71.6712
186.7989,71.458
186.9544,71.2448
187.1063,71.0315
187.2547,70.8183
187.3998,70.6051
187.5418,70.392
187.6805,70.1788
187.8163,69.9657
187.9492,69.7526
188.0793,69.5395
188.2066,69.3265
188.3312,69.1135
188.4533,68.9006
188.5729,68.6877
188.6901,68.4749
188.8049,68.2622
188.9174,68.0495
189.0278,67.8369
189.1359,67.6244
189.242,67.4119
189.3461,67.1995
189.4482,66.9873
189.5484,66.7751
189.6467,66.563
189.7432,66.351
189.8379,66.1391
189.9309,65.9273
190.0223,65.7156
190.112,65.504
190.2001,65.2926
190.2868,65.0812
190.3718,64.87
190.4555,64.6589
190.5377,64.4479
190.6185,64.237
190.698,64.0263
190.7761,63.8157
190.8529,63.6052
190.9285,63.3949
191.0029,63.1847
191.076,62.9746
191.148,62.7647
191.2188,62.555
191.2886,62.3453
191.3572,62.1359
191.4248,61.9266
191.4913,61.7174
191.5568,61.5084
191.6213,61.2995
191.6849,61.0909
191.7475,60.8823
191.8091,60.674
191.8699,60.4658
191.9298,60.2578
191.9888,60.0499
192.0469,59.8422
192.1042,59.6347
192.1607,59.4274
192.2164,59.2202
192.2714,59.0132
192.3255,58.8064
192.3789,58.5998
192.4316,58.3934
32.5288,69.4934
32.6651,69.7059
32.8043,69.9185
32.9465,70.1311
33.0919,70.3437
33.2405,70.5563
33.3925,70.7689
33.5479,70.9815
33.707,71.1941
33.8697,71.4067
34.0362,71.6193
34.2068,71.8318
34.3814,72.0443
34.5603,72.2568
34.7436,72.4692
34.9314,72.6815
35.124,72.8938
35.3215,73.106
35.5241,73.3181
35.732,73.5302
35.9454,73.7421
36.1645,73.9539
36.3895,74.1655
36.6208,74.3771
36.8584,74.5884
37.1027,74.7997
37.354,75.0107
37.6126,75.2215
37.8787,75.4322
38.1527,75.6426
38.4349,75.8528
38.7258,76.0627
39.0256,76.2724
39.3348,76.4817
39.6538,76.6908
39.9831,76.8995
40.3231,77.1079
40.6744,77.3159
41.0375,77.5234
41.413,77.7306
41.8014,77.9373
42.2035,78.1435
42.6199,78.3491
43.0513,78.5542
43.4986,78.7588
43.9625,78.9626
44.4439,79.1658
44.9439,79.3683
45.4633,79.5701
46.0033,79.7709
46.565,79.971
47.1497,80.17
47.7585,80.3681
48.393,80.5651
49.0546,80.761
49.7449,80.9556
50.4655,81.1489
51.2184,81.3409
52.0054,81.5313
52.8285,81.7201
53.6901,81.9071
54.5923,82.0923
55.5377,82.2755
56.5288,82.4565
57.5686,82.6352
58.6598,82.8114
59.8056,82.9848
61.0091,83.1554
62.2737,83.3229
63.6028,83.4869
65,83.6473
66.4688,83.8038
68.0128,83.956
69.6355,84.1037
71.3402,84.2464
73.1301,84.3837
75.008,84.5154
76.9761,84.6409
79.0362,84.7598
81.1892,84.8716
83.4349,84.9759
136.565,84.9759
138.8108,84.8716
140.9638,84.7598
143.0239,84.6409
144.992,84.5154
146.8699,84.3837
148.6598,84.2464
150.3645,84.1037
151.9872,83.956
153.5312,83.8038
155,83.6473
156.3972,83.4869
157.7263,83.3229
158.9909,83.1554
160.1944,82.9848
161.3402,82.8114
162.4314,82.6352
163.4711,82.4565
164.4623,82.2755
165.4077,82.0923
166.3099,81.9071
167.1715,81.7201
167.9946,81.5313
168.7816,81.3409
169.5345,81.1489
170.2551,80.9556
170.9454,80.761
171.607,80.5651
172.2415,80.3681
172.8503,80.17
173.435,79.971
173.9966,79.7709
174.5367,79.5701
175.0561,79.3683
175.556,79.1658
176.0375,78.9626
176.5014,78.7588
176.9487,78.5542
177.3801,78.3491
177.7965,78.1435
178.1986,77.9373
178.587,77.7306
178.9625,77.5234
179.3256,77.3159
179.6769,77.1079
180.0169,76.8995
180.3462,76.6908
180.6652,76.4817
180.9744,76.2724
181.2742,76.0627
181.565,75.8528
181.8473,75.6426
182.1213,75.4322
182.3874,75.2215
182.646,75.0107
182.8973,74.7997
183.1416,74.5884
183.3793,74.3771
183.6105,74.1655
183.8355,73.9539
184.0546,73.7421
184.268,73.5302
184.4759,73.3181
184.6785,73.106
184.876,72.8938
185.0686,72.6815
185.2564,72.4692
185.4397,72.2568
185.6186,72.0443
185.7932,71.8318
185.9638,71.6193
186.1303,71.4067
186.293,71.1941
186.4521,70.9815
186.6075,70.7689
186.7595,70.5563
186.9081,70.3437
187.0535,70.1311
187.1957,69.9185
187.3349,69.7059
187.4712,69.4934
187.6046,69.2809
187.7352,69.0684
187.8632,68.856
187.9885,68.6436
188.1113,68.4313
188.2317,68.219
188.3497,68.0068
188.4654,67.7946
188.5788,67.5826
188.6901,67.3705
188.7992,67.1586
188.9063,66.9467
189.0113,66.735
189.1145,66.5233
189.2157,66.3117
189.3151,66.1002
189.4127,65.8887
189.5085,65.6774
189.6027,65.4662
189.6952,65.2551
189.786,65.0441
189.8753,64.8333
189.9631,64.6225
190.0494,64.4118
190.1342,64.2013
190.2176,63.9909
190.2996,63.7806
190.3803,63.5705
190.4596,63.3605
190.5377,63.1506
190.6145,62.9408
190.6901,62.7312
190.7644,62.5217
190.8376,62.3124
190.9097,62.1032
190.9807,61.8942
191.0505,61.6853
191.1193,61.4766
191.1871,61.268
191.2538,61.0596
191.3196,60.8513
191.3844,60.6432
191.4482,60.4353
191.511,60.2275
191.573,60.0199
191.6341,59.8125
191.6943,59.6052
191.7537,59.3981
191.8122,59.1912
191.8699,58.9844
191.9268,58.7779
191.9829,58.5715
32.8581,69.0211
32.9946,69.2331
33.134,69.4451
33.2764,69.657
33.4218,69.8691
33.5704,70.0811
33.7223,70.2931
33.8775,70.5051
34.0362,70.7171
34.1985,70.9291
34.3646,71.1411
34.5345,71.353
34.7083,71.5649
34.8863,71.7768
35.0685,71.9886
35.2551,72.2003
35.4463,72.412
35.6422,72.6236
35.8431,72.8351
36.049,73.0466
36.2602,73.2579
36.4769,73.4691
36.6992,73.6802
36.9275,73.8911
37.1619,74.1019
37.4027,74.3125
37.6501,74.523
37.9044,74.7332
38.166,74.9433
38.4349,75.1531
38.7117,75.3628
38.9966,75.5721
39.29,75.7812
39.5923,75.99
39.9037,76.1985
40.2248,76.4067
40.556,76.6145
40.8978,76.822
41.2505,77.0291
41.6148,77.2357
41.9911,77.442
42.3801,77.6477
42.7824,77.8529
43.1986,78.0576
43.6294,78.2617
44.0755,78.4653
44.5377,78.6681
45.0169,78.8703
45.5139,79.0718
46.0296,79.2724
46.565,79.4723
47.1213,79.6712
47.6995,79.8692
48.3008,80.0662
48.9264,80.2621
49.5778,80.4569
50.2564,80.6505
50.9638,80.8427
51.7014,81.0336
52.4712,81.2229
53.2749,81.4107
54.1145,81.5967
54.992,81.7809
55.9097,81.9631
56.8699,82.1433
57.875,82.3211
58.9275,82.4966
60.0303,82.6694
61.1859,82.8394
62.3974,83.0064
63.6678,83.1702
65,83.3304
66.3972,83.4869
67.8624,83.6394
69.3987,83.7876
71.009,83.9311
72.696,84.0696
74.4623,84.2028
76.3099,84.3302
78.2405,84.4514
80.2551,84.5662
82.354,84.6739
84.5367,84.7742
86.8014,84.8667
89.1455,84.9508
91.565,85.0263
128.435,85.0263
130.8544,84.9508
133.1986,84.8667
135.4633,84.7742
137.646,84.6739
139.7449,84.5662
141.7595,84.4514
143.6901,84.3302
145.5377,84.2028
147.304,84.0696
148.991,83.9311
150.6013,83.7876
152.1376,83.6394
153.6028,83.4869
155,83.3304
156.3322,83.1702
157.6026,83.0064
158.8141,82.8394
159.9697,82.6694
161.0724,82.4966
162.125,82.3211
163.1301,82.1433
164.0903,81.9631
165.008,81.7809
165.8855,81.5967
166.7251,81.4107
167.5288,81.2229
168.2986,81.0336
169.0362,80.8427
169.7436,80.6505
170.4222,80.4569
171.0736,80.2621
171.6992,80.0662
172.3005,79.8692
172.8787,79.6712
173.435,79.4723
173.9704,79.2724
174.4861,79.0718
174.9831,78.8703
175.4623,78.6681
175.9245,78.4653
176.3706,78.2617
176.8014,78.0576
177.2176,77.8529
177.6199,77.6477
178.0089,77.442
178.3852,77.2357
178.7495,77.0291
179.1022,76.822
179.444,76.6145
179.7751,76.4067
180.0963,76.1985
180.4077,75.99
180.71,75.7812
181.0034,75.5721
181.2883,75.3628
181.565,75.1531
181.834,74.9433
182.0956,74.7332
182.3499,74.523
182.5973,74.3125
182.8381,74.1019
183.0725,73.8911
183.3008,73.6802
183.5231,73.4691
183.7398,73.2579
183.951,73.0466
184.1569,72.8351
184.3578,72.6236
184.5537,72.412
184.7449,72.2003
184.9315,71.9886
185.1137,71.7768
185.2917,71.5649
185.4655,71.353
185.6354,71.1411
185.8015,70.9291
185.9638,70.7171
186.1225,70.5051
186.2777,70.2931
186.4296,70.0811
186.5782,69.8691
186.7236,69.657
186.866,69.4451
187.0054,69.2331
187.1419,69.0211
187.2757,68.8092
187.4067,68.5974
187.5351,68.3855
187.6609,68.1737
187.7843,67.962
187.9052,67.7503
188.0239,67.5387
188.1402,67.3271
188.2544,67.1156
188.3664,66.9042
188.4763,66.6929
188.5842,66.4816
188.7941,66.0593
188.9965,65.6374
189.095,65.4266
189.1918,65.2158
189.2869,65.0052
189.3803,64.7947
189.4722,64.5843
189.5625,64.374
189.6513,64.1638
189.7386,63.9538
189.8245,63.7438
189.9089,63.534
189.992,63.3243
190.0738,63.1148
190.1542,62.9053
190.2333,62.696
190.3112,62.4869
190.3879,62.2778
190.4634,62.069
190.5377,61.8602
190.6109,61.6516
190.6829,61.4432
190.7539,61.2349
190.8238,61.0268
190.8927,60.8188
190.9605,60.6109
191.0274,60.4033
191.0933,60.1958
191.1582,59.9884
191.2222,59.7812
191.2853,59.5742
191.3475,59.3674
191.4088,59.1607
191.4692,58.9542
191.5289,58.7479
191.5877,58.5417
33.5909,69.1831
33.7363,69.3945
33.8847,69.6059
34.0362,69.8173
34.1911,70.0287
34.3493,70.2402
34.5111,70.4516
34.6764,70.6629
34.8454,70.8743
35.0184,71.0856
35.1952,71.2968
35.3762,71.5081
35.5615,71.7192
35.7512,71.9303
35.9454,72.1413
36.1443,72.3522
36.3482,72.5631
36.5571,72.7738
36.7712,72.9844
36.9908,73.1949
37.2161,73.4053
37.4472,73.6155
37.6844,73.8255
37.9279,74.0354
38.178,74.2451
38.4349,74.4546
38.699,74.6639
38.9704,74.8729
39.2495,75.0817
39.5366,75.2903
39.8321,75.4986
40.1363,75.7065
40.4495,75.9142
40.7723,76.1215
41.1048,76.3285
41.4477,76.5351
41.8014,76.7412
42.1663,76.947
42.5431,77.1523
42.9321,77.3571
43.334,77.5614
43.7495,77.7651
44.1791,77.9683
44.6236,78.1708
45.0836,78.3727
45.56,78.5739
46.0535,78.7743
46.565,78.974
47.0955,79.1728
47.646,79.3707
48.2173,79.5677
48.8108,79.7636
49.4275,79.9585
50.0686,80.1522
50.7355,80.3448
51.4296,80.536
52.1523,80.7258
52.9052,80.9141
53.6901,81.1009
54.5085,81.286
55.3625,81.4693
56.2538,81.6506
57.1847,81.8299
58.1572,82.007
59.1736,82.1817
60.2364,82.3539
61.3478,82.5234
62.5104,82.69
63.727,82.8535
65,83.0136
66.3322,83.1702
67.7263,83.3229
69.1849,83.4715
70.7106,83.6157
72.3058,83.7553
73.9726,83.8897
75.7131,84.0189
77.5288,84.1422
79.4208,84.2595
81.3895,84.3703
83.4349,84.4742
85.556,84.5708
87.751,84.6597
90.0169,84.7405
92.3499,84.8129
94.7449,84.8765
97.1957,84.9309
99.6952,84.9759
102.2348,85.0111
104.8056,85.0364
115.1944,85.0364
117.7652,85.0111
120.3048,84.9759
122.8043,84.9309
125.2551,84.8765
127.6501,84.8129
129.9831,84.7405
132.249,84.6597
134.444,84.5708
136.565,84.4742
138.6105,84.3703
140.5792,84.2595
142.4712,84.1422
144.2869,84.0189
146.0274,83.8897
147.6942,83.7553
149.2894,83.6157
150.8151,83.4715
152.2737,83.3229
153.6678,83.1702
155,83.0136
156.273,82.8535
157.4895,82.69
158.6522,82.5234
159.7636,82.3539
160.8263,82.1817
161.8428,82.007
162.8153,81.8299
163.7462,81.6506
164.6375,81.4693
165.4915,81.286
166.3099,81.1009
167.0948,80.9141
167.8477,80.7258
168.5704,80.536
169.2645,80.3448
169.9314,80.1522
170.5725,79.9585
171.1892,79.7636
171.7827,79.5677
172.354,79.3707
172.9044,79.1728
173.435,78.974
173.9465,78.7743
174.44,78.5739
174.9164,78.3727
175.3764,78.1708
175.8209,77.9683
176.2505,77.7651
176.666,77.5614
177.0679,77.3571
177.4569,77.1523
177.8336,76.947
178.1986,76.7412
178.5523,76.5351
178.8952,76.3285
179.2278,76.1215
179.5504,75.9142
179.8637,75.7065
180.1679,75.4986
180.4633,75.2903
180.7505,75.0817
181.0296,74.8729
181.301,74.6639
181.565,74.4546
181.822,74.2451
182.0721,74.0354
182.3156,73.8255
182.5528,73.6155
182.7839,73.4053
183.0092,73.1949
183.2288,72.9844
183.4429,72.7738
183.6518,72.5631
183.8557,72.3522
184.0546,72.1413
184.2488,71.9303
184.4385,71.7192
184.6237,71.5081
184.8047,71.2968
184.9816,71.0856
185.1546,70.8743
185.3236,70.6629
185.4889,70.4516
185.6507,70.2402
185.8089,70.0287
185.9638,69.8173
186.1153,69.6059
186.2637,69.3945
186.4091,69.1831
186.5514,68.9717
186.6908,68.7603
186.8275,68.549
186.9613,68.3377
187.0926,68.1264
187.2213,67.9151
187.3475,67.7039
187.4712,67.4928
187.5926,67.2817
187.7117,67.0707
187.8286,66.8597
188.6901,65.1747
188.7894,64.9645
188.8869,64.7543
188.9829,64.5443
189.0772,64.3344
189.1699,64.1246
189.2611,63.9149
189.3508,63.7053
189.439,63.4958
189.5258,63.2865
189.6111,63.0773
189.6952,62.8682
189.7778,62.6592
189.8592,62.4503
189.9393,62.2416
190.0182,62.0331
190.0958,61.8246
190.1723,61.6164
190.2476,61.4082
190.3217,61.2002
190.3948,60.9924
190.4668,60.7847
190.5377,60.5771
190.6076,60.3697
190.6764,60.1625
190.7443,59.9554
190.8112,59.7485
190.8771,59.5418
190.9421,59.3352
191.0062,59.1288
191.0694,58.9225
191.1317,58.7164
191.1932,58.5105
32.7071,66.8132
32.8288,67.0237
34.3354,69.3417
34.4898,69.5525
34.6474,69.7634
34.8084,69.9742
34.9729,70.1849
35.141,70.3957
35.3128,70.6064
35.4885,70.8171
35.6682,71.0277
35.8519,71.2383
36.0399,71.4488
36.2323,71.6592
36.4293,71.8695
36.6309,72.0798
36.8375,72.2899
37.049,72.5
37.2658,72.7099
37.488,72.9196
37.7158,73.1293
37.9494,73.3388
38.189,73.5481
38.4349,73.7572
38.6873,73.9661
38.9465,74.1749
39.2127,74.3834
39.4861,74.5916
39.7672,74.7997
40.0561,75.0074
40.3532,75.2149
40.6589,75.422
40.9735,75.6288
41.2973,75.8353
41.6309,76.0414
41.9745,76.2471
42.3287,76.4524
42.6938,76.6573
43.0704,76.8617
43.459,77.0655
43.8602,77.2689
44.2744,77.4717
44.7024,77.6739
45.1448,77.8755
45.6022,78.0764
46.0754,78.2766
46.565,78.4761
47.0721,78.6747
47.5973,78.8726
48.1416,79.0695
48.7059,79.2654
49.2914,79.4604
49.8989,79.6543
50.5297,79.847
51.185,80.0385
51.866,80.2288
52.5741,80.4176
53.3106,80.605
54.0772,80.7909
54.8753,80.975
55.7067,81.1575
56.573,81.338
57.4762,81.5165
58.418,81.6928
59.4007,81.8669
60.4261,82.0385
61.4965,82.2075
62.6141,82.3737
63.7811,82.5369
65,82.6969
66.273,82.8535
67.6026,83.0064
68.9909,83.1554
70.4403,83.3003
71.9529,83.4407
73.5308,83.5764
75.1755,83.7071
76.8886,83.8323
78.6713,83.9519
80.5241,84.0654
82.4472,84.1724
84.44,84.2727
86.5014,84.3658
88.6294,84.4514
90.821,84.5292
93.0725,84.5987
95.3791,84.6597
97.7352,84.7119
100.1342,84.7549
102.5686,84.7887
105.0303,84.8129
107.5104,84.8275
110,84.8324
112.4896,84.8275
114.9697,84.8129
117.4314,84.7887
119.8658,84.7549
122.2648,84.7119
124.6209,84.6597
126.9275,84.5987
129.179,84.5292
131.3706,84.4514
133.4986,84.3658
135.56,84.2727
137.5528,84.1724
139.4759,84.0654
141.3287,83.9519
143.1113,83.8323
144.8245,83.7071
146.4692,83.5764
148.047,83.4407
149.5597,83.3003
151.0091,83.1554
152.3974,83.0064
153.727,82.8535
155,82.6969
156.2189,82.5369
157.3859,82.3737
158.5035,82.2075
159.5739,82.0385
160.5993,81.8669
161.5819,81.6928
162.5238,81.5165
163.427,81.338
164.2933,81.1575
165.1247,80.975
165.9228,80.7909
166.6894,80.605
167.4259,80.4176
168.134,80.2288
168.815,80.0385
169.4703,79.847
170.1011,79.6543
170.7086,79.4604
171.2941,79.2654
171.8584,79.0695
172.4027,78.8726
172.9279,78.6747
173.435,78.4761
173.9246,78.2766
174.3978,78.0764
174.8552,77.8755
175.2976,77.6739
175.7256,77.4717
176.1398,77.2689
176.541,77.0655
176.9296,76.8617
177.3062,76.6573
177.6713,76.4524
178.0255,76.2471
178.3691,76.0414
178.7027,75.8353
179.0265,75.6288
179.3411,75.422
179.6468,75.2149
179.9439,75.0074
180.2328,74.7997
180.5139,74.5916
180.7873,74.3834
181.0535,74.1749
181.3127,73.9661
181.565,73.7572
181.811,73.5481
182.0506,73.3388
182.2842,73.1293
182.512,72.9196
182.7342,72.7099
182.951,72.5
183.1625,72.2899
183.369,72.0798
183.5707,71.8695
183.7676,71.6592
183.9601,71.4488
184.1481,71.2383
184.3318,71.0277
184.5115,70.8171
184.6872,70.6064
184.859,70.3957
185.0271,70.1849
185.1916,69.9742
185.3526,69.7634
185.5102,69.5525
185.6646,69.3417
185.8157,69.1309
185.9638,68.9201
186.1088,68.7092
186.2509,68.4984
186.3903,68.2877
186.5268,68.0769
186.6608,67.8662
186.7921,67.6555
186.9209,67.4449
187.0472,67.2343
187.1712,67.0237
187.2929,66.8132
188.0849,65.3416
188.1901,65.1317
188.2936,64.9219
188.3952,64.7122
188.4952,64.5025
188.5934,64.293
188.6901,64.0836
188.7851,63.8742
188.8785,63.665
188.9705,63.4559
189.0609,63.2469
189.1499,63.0381
189.2375,62.8293
189.3236,62.6207
189.4085,62.4122
189.492,62.2038
189.5742,61.9956
189.6551,61.7875
189.7348,61.5795
189.8134,61.3717
189.8907,61.164
189.9669,60.9564
190.0419,60.749
190.1159,60.5418
190.1888,60.3347
190.2606,60.1277
190.3313,59.921
190.4011,59.7143
190.4699,59.5078
190.5377,59.3015
190.6045,59.0954
190.6705,58.8894
190.7355,58.6836
33.2405,66.7648
34.7745,69.0765
34.9314,69.2867
35.0916,69.4969
35.2551,69.7071
35.4222,69.9173
35.5928,70.1274
35.7672,70.3375
35.9454,70.5476
36.1276,70.7575
36.3138,70.9674
36.5044,71.1773
36.6992,71.387
36.8986,71.5967
37.1027,71.8063
37.3116,72.0157
37.5256,72.2251
37.7447,72.4343
37.9691,72.6434
38.1992,72.8523
38.4349,73.061
38.6767,73.2696
38.9246,73.478
39.179,73.6862
39.44,73.8941
39.708,74.1019
39.9831,74.3094
40.2657,74.5166
40.556,74.7235
40.8545,74.9302
41.1613,75.1365
41.4768,75.3425
41.8014,75.5481
42.1355,75.7534
42.4794,75.9582
42.8336,76.1627
43.1986,76.3666
43.5747,76.5701
43.9625,76.7731
44.3624,76.9756
44.7751,77.1775
45.2011,77.3787
45.641,77.5794
46.0954,77.7794
46.565,77.9786
47.0506,78.1771
47.5528,78.3748
48.0725,78.5717
48.6105,78.7676
49.1676,78.9626
49.7449,79.1566
50.3432,79.3496
50.9638,79.5413
51.6075,79.7319
52.2756,79.9212
52.9694,80.1091
53.6901,80.2956
54.439,80.4806
55.2176,80.6639
56.0274,80.8455
56.8699,81.0252
57.7468,81.2029
58.6598,81.3786
59.6107,81.552
60.6013,81.7231
61.6335,81.8916
62.7094,82.0574
63.8309,82.2204
65,82.3803
66.2189,82.5369
67.4895,82.69
68.8141,82.8394
70.1944,82.9848
71.6325,83.1261
73.1301,83.2629
74.6888,83.3949
76.3099,83.5218
77.9946,83.6434
79.7436,83.7593
81.5571,83.8692
83.4349,83.9727
85.3764,84.0696
87.3801,84.1595
89.444,84.242
91.565,84.3168
93.7398,84.3837
95.9638,84.4424
98.2317,84.4925
100.5377,84.5338
102.875,84.5662
105.2364,84.5894
107.6141,84.6034
110,84.608
112.3859,84.6034
114.7636,84.5894
117.125,84.5662
119.4623,84.5338
121.7683,84.4925
124.0362,84.4424
126.2602,84.3837
128.435,84.3168
130.556,84.242
132.6199,84.1595
134.6236,84.0696
136.565,83.9727
138.4429,83.8692
140.2564,83.7593
142.0054,83.6434
143.6901,83.5218
145.3112,83.3949
146.8699,83.2629
148.3675,83.1261
149.8056,82.9848
151.1859,82.8394
152.5105,82.69
153.7811,82.5369
155,82.3803
156.1691,82.2204
157.2906,82.0574
158.3665,81.8916
159.3987,81.7231
160.3893,81.552
161.3402,81.3786
162.2532,81.2029
163.1301,81.0252
163.9726,80.8455
164.7824,80.6639
165.561,80.4806
166.3099,80.2956
167.0306,80.1091
167.7243,79.9212
168.3925,79.7319
169.0362,79.5413
169.6567,79.3496
170.2551,79.1566
170.8324,78.9626
171.3895,78.7676
171.9275,78.5717
172.4472,78.3748
172.9494,78.1771
173.435,77.9786
173.9046,77.7794
174.359,77.5794
174.7989,77.3787
175.2249,77.1775
175.6375,76.9756
176.0375,76.7731
176.4253,76.5701
176.8014,76.3666
177.1664,76.1627
177.5206,75.9582
177.8645,75.7534
178.1986,75.5481
178.5232,75.3425
178.8387,75.1365
179.1455,74.9302
179.444,74.7235
179.7343,74.5166
180.0169,74.3094
180.292,74.1019
180.56,73.8941
180.821,73.6862
181.0754,73.478
181.3233,73.2696
181.565,73.061
181.8008,72.8523
182.0309,72.6434
182.2553,72.4343
182.4744,72.2251
182.6884,72.0157
182.8973,71.8063
183.1013,71.5967
183.3008,71.387
183.4956,71.1773
183.6861,70.9674
183.8724,70.7575
184.0546,70.5476
184.2328,70.3375
184.4072,70.1274
184.5778,69.9173
184.7449,69.7071
184.9084,69.4969
185.0686,69.2867
185.2254,69.0765
185.3791,68.8663
185.5297,68.656
185.6773,68.4458
185.8219,68.2356
185.9638,68.0254
186.1028,67.8152
186.2392,67.605
186.373,67.3949
186.5043,67.1848
186.6331,66.9748
186.7595,66.7648
187.5826,65.2964
187.692,65.0869
187.7995,64.8775
187.9052,64.6682
188.0092,64.459
188.1113,64.2499
188.2118,64.0408
188.3106,63.8319
188.4078,63.6231
188.5034,63.4143
188.5975,63.2057
188.6901,62.9972
188.7812,62.7888
188.8708,62.5805
188.9591,62.3724
189.0459,62.1644
189.1315,61.9565
189.2157,61.7487
189.2986,61.5411
189.3803,61.3336
189.4608,61.1262
189.5401,60.919
189.6182,60.7119
189.6952,60.5049
189.771,60.2981
189.8457,60.0915
189.9194,59.885
189.992,59.6786
190.0636,59.4725
190.1342,59.2664
190.2038,59.0606
190.2724,58.8548
33.7716,66.7144
35.3616,69.02
35.5241,69.2296
35.69,69.4392
35.8594,69.6487
36.0323,69.8582
36.209,70.0677
36.3895,70.2771
36.574,70.4864
36.7625,70.6957
36.9553,70.9048
37.1524,71.1139
37.354,71.3229
37.5603,71.5318
37.7713,71.7406
37.9873,71.9492
38.2085,72.1578
38.4349,72.3661
38.6669,72.5743
38.9046,72.7823
39.1481,72.9902
39.3978,73.1978
39.6538,73.4053
39.9164,73.6125
40.1858,73.8194
40.4623,74.0262
40.7461,74.2326
41.0375,74.4387
41.3369,74.6446
41.6444,74.8501
41.9606,75.0553
42.2856,75.2601
42.6199,75.4645
42.9638,75.6685
43.3177,75.8721
43.6821,76.0752
44.0573,76.2778
44.4439,76.4799
44.8424,76.6815
45.2532,76.8825
45.6768,77.0828
46.1139,77.2826
46.565,77.4816
47.0309,77.68
47.512,77.8775
48.0092,78.0743
48.5231,78.2702
49.0546,78.4653
49.6044,78.6593
50.1735,78.8524
50.7627,79.0444
51.373,79.2352
52.0054,79.4249
52.6609,79.6133
53.3407,79.8003
54.0459,79.9859
54.7778,80.17
55.5377,80.3525
56.3268,80.5333
57.1467,80.7123
57.9987,80.8894
58.8845,81.0644
59.8056,81.2372
60.7636,81.4077
61.7603,81.5758
62.7974,81.7413
63.8767,81.904
65,82.0638
66.1691,82.2204
67.3859,82.3737
68.6522,82.5234
69.9697,82.6694
71.3402,82.8114
72.7652,82.9491
74.2461,83.0823
75.7843,83.2108
77.3808,83.3342
79.0362,83.4523
80.7512,83.5647
82.5256,83.6712
84.359,83.7714
86.2505,83.8651
88.1986,83.9519
90.2011,84.0315
92.2553,84.1037
94.3577,84.1681
96.5043,84.2245
98.6901,84.2727
100.9097,84.3124
103.1572,84.3435
105.4261,84.3658
107.7094,84.3793
110,84.3837
112.2906,84.3793
114.5739,84.3658
116.8428,84.3435
119.0903,84.3124
121.3099,84.2727
123.4957,84.2245
125.6422,84.1681
127.7447,84.1037
129.7989,84.0315
131.8014,83.9519
133.7495,83.8651
135.641,83.7714
137.4744,83.6712
139.2488,83.5647
140.9638,83.4523
142.6192,83.3342
144.2157,83.2108
145.7539,83.0823
147.2348,82.9491
148.6598,82.8114
150.0303,82.6694
151.3478,82.5234
152.6141,82.3737
153.8309,82.2204
155,82.0638
156.1233,81.904
157.2026,81.7413
158.2397,81.5758
159.2364,81.4077
160.1944,81.2372
161.1155,81.0644
162.0013,80.8894
162.8533,80.7123
163.6732,80.5333
164.4623,80.3525
165.2222,80.17
165.9541,79.9859
166.6593,79.8003
167.3391,79.6133
167.9946,79.4249
168.627,79.2352
169.2373,79.0444
169.8265,78.8524
170.3956,78.6593
170.9454,78.4653
171.4769,78.2702
171.9908,78.0743
172.488,77.8775
172.9691,77.68
173.435,77.4816
173.8861,77.2826
174.3232,77.0828
174.7468,76.8825
175.1576,76.6815
175.556,76.4799
175.9426,76.2778
176.3179,76.0752
176.6823,75.8721
177.0362,75.6685
177.3801,75.4645
177.7144,75.2601
178.0394,75.0553
178.3556,74.8501
178.6631,74.6446
178.9625,74.4387
179.2539,74.2326
179.5377,74.0262
179.8142,73.8194
180.0836,73.6125
180.3462,73.4053
180.6022,73.1978
180.8519,72.9902
181.0954,72.7823
181.3331,72.5743
181.565,72.3661
181.7915,72.1578
182.0127,71.9492
182.2287,71.7406
182.4397,71.5318
182.646,71.3229
182.8476,71.1139
183.0447,70.9048
183.2375,70.6957
183.426,70.4864
183.6105,70.2771
183.791,70.0677
183.9677,69.8582
184.1406,69.6487
184.31,69.4392
184.4759,69.2296
184.6384,69.02
184.7976,68.8104
184.9536,68.6007
185.1065,68.3911
185.2564,68.1815
185.4034,67.9718
185.5476,67.7622
185.689,67.5526
185.8277,67.343
185.9638,67.1334
186.0973,66.9239
186.4834,66.2956
187.0822,65.2494
187.3073,64.8314
187.5249,64.4137
187.6309,64.205
187.7352,63.9963
187.8378,63.7878
187.9387,63.5794
188.038,63.371
188.1356,63.1628
188.2317,62.9547
188.3263,62.7467
188.4194,62.5388
188.511,62.331
188.6012,62.1233
188.6901,61.9158
188.7775,61.7083
188.8637,61.501
188.9485,61.2939
189.0321,61.0869
189.1145,60.88
189.1956,60.6732
189.2756,60.4666
189.3543,60.2601
189.432,60.0538
189.5085,59.8476
189.584,59.6415
189.6584,59.4356
189.7317,59.2299
189.804,59.0243
34.167,66.4532
34.3003,66.6621
36.1134,69.1703
36.2849,69.3792
36.46,69.5881
36.6388,69.7969
36.8214,70.0057
37.0079,70.2144
37.1985,70.423
37.3933,70.6315
37.5924,70.8399
37.796,71.0483
38.0042,71.2565
38.2171,71.4646
38.4349,71.6725
38.6579,71.8803
38.8861,72.088
39.1197,72.2955
39.359,72.5028
39.6041,72.7099
39.8552,72.9168
40.1126,73.1235
40.3764,73.3299
40.647,73.5361
40.9245,73.7421
41.2092,73.9477
41.5014,74.1531
41.8014,74.3581
42.1094,74.5629
42.4259,74.7672
42.751,74.9712
43.0851,75.1748
43.4287,75.378
43.782,75.5807
44.1455,75.783
44.5196,75.9847
44.9048,76.186
45.3014,76.3867
45.7099,76.5868
46.131,76.7863
46.565,76.9851
47.0127,77.1833
47.4744,77.3807
47.951,77.5774
48.4429,77.7733
48.951,77.9683
49.4759,78.1624
50.0184,78.3556
50.5792,78.5477
51.1593,78.7388
51.7595,78.9288
52.3807,79.1176
53.0239,79.3051
53.6901,79.4913
54.3803,79.6761
55.0958,79.8593
55.8376,80.0411
56.6071,80.2211
57.4054,80.3994
58.2338,80.5758
59.0939,80.7501
59.9869,80.9224
60.9144,81.0925
61.8779,81.2601
62.8789,81.4253
63.9191,81.5878
65,81.7474
66.1233,81.904
67.2906,82.0574
68.5035,82.2075
69.7636,82.3539
71.0724,82.4966
72.4314,82.6352
73.8418,82.7695
75.3048,82.8993
76.8215,83.0244
78.3925,83.1444
80.0184,83.2591
81.6992,83.3683
83.4349,83.4715
85.2249,83.5686
87.0679,83.6592
88.9625,83.7432
90.9065,83.8201
92.8973,83.8897
94.9315,83.9519
97.0054,84.0062
99.1145,84.0527
101.2538,84.0909
103.4181,84.1208
105.6013,84.1422
107.7974,84.1552
110,84.1595
112.2026,84.1552
114.3987,84.1422
116.5819,84.1208
118.7462,84.0909
120.8855,84.0527
122.9946,84.0062
125.0685,83.9519
127.1027,83.8897
129.0935,83.8201
131.0375,83.7432
132.9321,83.6592
134.7751,83.5686
136.565,83.4715
138.3008,83.3683
139.9816,83.2591
141.6075,83.1444
143.1785,83.0244
144.6952,82.8993
146.1582,82.7695
147.5686,82.6352
148.9275,82.4966
150.2364,82.3539
151.4965,82.2075
152.7094,82.0574
153.8767,81.904
155,81.7474
156.0809,81.5878
157.1211,81.4253
158.1221,81.2601
159.0856,81.0925
160.0131,80.9224
160.9061,80.7501
161.7662,80.5758
162.5946,80.3994
163.3929,80.2211
164.1624,80.0411
164.9042,79.8593
165.6196,79.6761
166.3099,79.4913
166.9761,79.3051
167.6193,79.1176
168.2405,78.9288
168.8407,78.7388
169.4208,78.5477
169.9816,78.3556
170.5241,78.1624
171.049,77.9683
171.5571,77.7733
172.049,77.5774
172.5256,77.3807
172.9873,77.1833
173.435,76.9851
173.869,76.7863
174.29,76.5868
174.6986,76.3867
175.0952,76.186
175.4804,75.9847
175.8545,75.783
176.218,75.5807
176.5713,75.378
176.9149,75.1748
177.249,74.9712
177.5741,74.7672
177.8905,74.5629
178.1986,74.3581
178.4986,74.1531
178.7908,73.9477
179.0755,73.7421
179.353,73.5361
179.6236,73.3299
179.8874,73.1235
180.1448,72.9168
180.3959,72.7099
180.641,72.5028
180.8803,72.2955
181.1139,72.088
181.3421,71.8803
181.565,71.6725
181.7829,71.4646
181.9958,71.2565
182.204,71.0483
182.4076,70.8399
182.6067,70.6315
182.8015,70.423
182.9921,70.2144
183.1786,70.0057
183.3612,69.7969
183.54,69.5881
183.7151,69.3792
183.8866,69.1703
184.0546,68.9613
184.2193,68.7524
184.3806,68.5433
184.5388,68.3343
184.6939,68.1253
184.8459,67.9162
184.9951,67.7072
185.1414,67.4981
185.2849,67.2891
185.4258,67.0801
185.564,66.8711
185.6997,66.6621
185.833,66.4532
186.9307,64.575
187.0424,64.3666
187.1523,64.1583
187.2604,63.9501
187.3666,63.742
187.4712,63.534
187.5741,63.3261
187.6753,63.1182
187.7749,62.9105
187.8729,62.7029
187.9694,62.4954
188.0644,62.288
188.1579,62.0807
188.25,61.8735
188.3407,61.6664
188.43,61.4595
188.518,61.2527
188.6047,61.046
188.6901,60.8394
188.7742,60.633
188.8571,60.4267
188.9388,60.2205
189.0193,60.0145
189.0987,59.8087
189.177,59.6029
189.2541,59.3974
189.3302,59.1919
34.5536,66.1911
34.6888,66.3995
34.8265,66.6079
36.6992,69.1089
36.8763,69.3171
37.057,69.5253
37.2415,69.7334
37.4299,69.9415
37.6223,70.1494
37.8189,70.3573
38.0198,70.5651
38.2251,70.7727
38.4349,70.9802
38.6495,71.1877
38.869,71.3949
39.0935,71.602
39.3232,71.809
39.5582,72.0157
39.7989,72.2223
40.0452,72.4287
40.2976,72.6349
40.556,72.8408
40.8209,73.0466
41.0923,73.252
41.3706,73.4572
41.656,73.6621
41.9487,73.8667
42.249,74.0709
42.5572,74.2748
42.8737,74.4784
43.1986,74.6816
43.5323,74.8844
43.8753,75.0867
44.2277,75.2886
44.5901,75.49
44.9628,75.691
45.3462,75.8914
45.7407,76.0912
46.1468,76.2905
46.565,76.4891
46.9958,76.6871
47.4397,76.8844
47.8973,77.0809
48.369,77.2767
48.8557,77.4717
49.3577,77.6658
49.876,77.8591
50.4111,78.0514
50.9638,78.2427
51.5348,78.4329
52.125,78.622
52.7352,78.8099
53.3664,78.9966
54.0193,79.182
54.6951,79.366
55.3948,79.5485
56.1193,79.7295
56.8699,79.9088
57.6476,80.0864
58.4537,80.2621
59.2894,80.4359
60.156,80.6077
61.0548,80.7773
61.9872,80.9445
62.9546,81.1094
63.9584,81.2716
65,81.4311
66.0809,81.5878
67.2026,81.7413
68.3665,81.8916
69.5739,82.0385
70.8263,82.1817
72.125,82.3211
73.4711,82.4565
74.8658,82.5875
76.3099,82.7141
77.8043,82.8359
79.3493,82.9527
80.9454,83.0642
82.5924,83.1702
84.29,83.2703
86.0375,83.3645
87.8336,83.4523
89.6769,83.5335
91.565,83.6078
93.4956,83.6751
95.4655,83.7351
97.4712,83.7876
99.5085,83.8323
101.573,83.8692
103.6598,83.898
105.7636,83.9187
107.8789,83.9311
110,83.9352
112.1211,83.9311
114.2364,83.9187
116.3402,83.898
118.427,83.8692
120.4915,83.8323
122.5288,83.7876
124.5344,83.7351
126.5044,83.6751
128.435,83.6078
130.3231,83.5335
132.1663,83.4523
133.9625,83.3645
135.7099,83.2703
137.4076,83.1702
139.0546,83.0642
140.6507,82.9527
142.1957,82.8359
143.6901,82.7141
145.1342,82.5875
146.5289,82.4565
147.875,82.3211
149.1737,82.1817
150.4261,82.0385
151.6335,81.8916
152.7974,81.7413
153.9191,81.5878
155,81.4311
156.0416,81.2716
157.0454,81.1094
158.0128,80.9445
158.9452,80.7773
159.844,80.6077
160.7106,80.4359
161.5463,80.2621
162.3524,80.0864
163.1301,79.9088
163.8807,79.7295
164.6052,79.5485
165.3048,79.366
165.9807,79.182
166.6336,78.9966
167.2648,78.8099
167.875,78.622
168.4652,78.4329
169.0362,78.2427
169.5889,78.0514
170.124,77.8591
170.6422,77.6658
171.1443,77.4717
171.631,77.2767
172.1027,77.0809
172.5603,76.8844
173.0042,76.6871
173.435,76.4891
173.8532,76.2905
174.2593,76.0912
174.6538,75.8914
175.0372,75.691
175.4099,75.49
175.7722,75.2886
176.1247,75.0867
176.4677,74.8844
176.8014,74.6816
177.1263,74.4784
177.4427,74.2748
177.751,74.0709
178.0513,73.8667
178.344,73.6621
178.6294,73.4572
178.9077,73.252
179.1791,73.0466
179.444,72.8408
179.7024,72.6349
179.9548,72.4287
180.2011,72.2223
180.4417,72.0157
180.6768,71.809
180.9065,71.602
181.131,71.3949
181.565,70.9802
181.7749,70.7727
181.9802,70.5651
182.1811,70.3573
182.3777,70.1494
182.5701,69.9415
182.7585,69.7334
182.943,69.5253
183.1237,69.3171
183.3008,69.1089
183.4742,68.9006
183.6442,68.6923
183.8108,68.4839
183.9741,68.2755
184.1343,68.067
184.2914,67.8586
184.4454,67.6501
184.5966,67.4417
185.0333,66.8163
185.1735,66.6079
185.3112,66.3995
185.4464,66.1911
186.4462,64.5257
186.5618,64.3178
186.6755,64.11
186.7873,63.9022
186.8972,63.6945
187.0054,63.4869
187.1118,63.2794
187.2166,63.072
187.3196,62.8647
187.4211,62.6575
187.5209,62.4503
187.6192,62.2433
187.716,62.0364
187.8114,61.8296
187.9052,61.6229
187.9977,61.4163
188.0888,61.2099
188.1785,61.0036
188.2669,60.7974
188.354,60.5913
188.4399,60.3853
188.5245,60.1795
188.851,59.3576
34.9314,65.9283
35.0685,66.1361
35.208,66.3439
37.1027,68.8377
37.2815,69.0453
37.4639,69.2529
37.6501,69.4604
37.8402,69.6678
38.0343,69.8751
38.2325,70.0823
38.4349,70.2894
38.6418,70.4964
38.8531,70.7032
39.0692,70.91
39.29,71.1165
39.5159,71.3229
39.7468,71.5292
39.9831,71.7353
40.2248,71.9411
40.4723,72.1468
40.7256,72.3522
40.9849,72.5574
41.2505,72.7624
41.5226,72.9671
41.8014,73.1715
42.0872,73.3757
42.3801,73.5795
42.6806,73.783
42.9887,73.9861
43.3049,74.1889
43.6294,74.3913
43.9625,74.5933
44.3045,74.7948
44.6559,74.9959
45.0169,75.1965
45.3879,75.3966
45.7693,75.5961
46.1616,75.7952
46.565,75.9936
46.9802,76.1914
47.4076,76.3885
47.8476,76.5849
48.3008,76.7806
48.7676,76.9756
49.2488,77.1697
49.7449,77.363
50.2564,77.5554
50.7841,77.7468
51.3287,77.9373
51.8908,78.1267
52.4712,78.3149
53.0707,78.5021
53.6901,78.688
54.3302,78.8726
54.992,79.0558
55.6764,79.2376
56.3843,79.4178
57.1169,79.5964
57.875,79.7734
58.6598,79.9485
59.4725,80.1218
60.3141,80.293
61.1859,80.4622
62.0892,80.6291
63.0251,80.7936
63.9949,80.9556
65,81.115
66.0416,81.2716
67.1211,81.4253
68.2397,81.5758
69.3987,81.7231
70.5993,81.8669
71.8428,82.007
73.1301,82.1433
74.4623,82.2755
75.8403,82.4034
77.2648,82.5268
78.7363,82.6454
80.2551,82.7591
81.8214,82.8675
83.4349,82.9705
85.0952,83.0678
86.8014,83.1591
88.5523,83.2442
90.3462,83.3229
92.1811,83.3949
94.0546,83.46
95.9638,83.5179
97.9052,83.5686
99.8753,83.6118
101.8699,83.6473
103.8845,83.6751
105.9144,83.6951
107.9546,83.7071
110,83.7111
112.0454,83.7071
114.0856,83.6951
116.1155,83.6751
118.1301,83.6473
120.1247,83.6118
122.0948,83.5686
124.0362,83.5179
125.9454,83.46
127.8189,83.3949
129.6538,83.3229
131.4477,83.2442
133.1986,83.1591
134.9048,83.0678
136.565,82.9705
138.1786,82.8675
139.7449,82.7591
141.2637,82.6454
142.7352,82.5268
144.1597,82.4034
145.5377,82.2755
146.8699,82.1433
148.1572,82.007
149.4007,81.8669
150.6013,81.7231
151.7603,81.5758
152.8789,81.4253
153.9584,81.2716
155,81.115
156.0051,80.9556
156.9749,80.7936
157.9108,80.6291
158.8141,80.4622
159.6859,80.293
160.5275,80.1218
161.3402,79.9485
162.125,79.7734
162.8831,79.5964
163.6156,79.4178
164.3236,79.2376
165.008,79.0558
165.6698,78.8726
166.3099,78.688
166.9293,78.5021
167.5288,78.3149
168.1092,78.1267
168.6713,77.9373
169.2159,77.7468
169.7436,77.5554
170.2551,77.363
170.7512,77.1697
171.2324,76.9756
171.6992,76.7806
172.1524,76.5849
172.5924,76.3885
173.0198,76.1914
173.435,75.9936
173.8384,75.7952
174.2307,75.5961
174.6121,75.3966
174.9831,75.1965
175.3441,74.9959
175.6954,74.7948
176.0375,74.5933
176.3706,74.3913
176.6951,74.1889
177.0113,73.9861
177.3194,73.783
177.6199,73.5795
177.9128,73.3757
178.1986,73.1715
178.4774,72.9671
178.7495,72.7624
179.0151,72.5574
179.2744,72.3522
179.5277,72.1468
179.7751,71.9411
180.0169,71.7353
180.2532,71.5292
180.9308,70.91
181.1469,70.7032
181.3582,70.4964
181.565,70.2894
181.7675,70.0823
181.9657,69.8751
182.1598,69.6678
182.3499,69.4604
182.5361,69.2529
182.7185,69.0453
182.8973,68.8377
183.0725,68.6301
183.2443,68.4224
183.4127,68.2146
183.5778,68.0068
183.7398,67.799
186.2005,64.0599
186.316,63.8526
186.4296,63.6454
186.5413,63.4382
186.6513,63.2311
186.7595,63.0241
186.866,62.8172
186.9708,62.6104
187.074,62.4037
187.1756,62.1971
187.2757,61.9906
187.3742,61.7842
187.4712,61.5779
187.5668,61.3717
187.6609,61.1656
187.7537,60.9596
187.8451,60.7538
34.8987,65.0432
35.0304,65.2503
35.1645,65.4575
35.3008,65.6647
35.4396,65.872
35.5809,66.0792
35.7247,66.2865
37.6761,68.7728
37.8601,68.9797
38.0478,69.1866
38.2394,69.3933
38.4349,69.6
38.6346,69.8065
38.8384,70.013
39.0466,70.2193
39.2593,70.4255
39.4766,70.6315
39.6986,70.8374
39.9256,71.0431
40.1576,71.2487
40.3949,71.454
40.6375,71.6592
40.8858,71.8641
41.1398,72.0689
41.3998,72.2733
41.666,72.4776
41.9385,72.6815
42.2176,72.8852
42.5035,73.0886
42.7965,73.2916
43.0968,73.4944
43.4047,73.6967
43.7204,73.8987
44.0442,74.1003
44.3765,74.3015
44.7174,74.5023
45.0675,74.7025
45.4269,74.9023
45.796,75.1016
46.1753,75.3004
46.565,75.4986
46.9657,75.6962
47.3777,75.8931
47.8014,76.0894
48.2374,76.285
48.6861,76.4799
49.1481,76.674
49.6237,76.8673
50.1137,77.0598
50.6186,77.2513
51.139,77.442
51.6755,77.6316
52.2288,77.8202
52.7995,78.0077
53.3885,78.194
53.9965,78.3791
54.6241,78.563
55.2724,78.7455
55.9421,78.9265
56.6341,79.1061
57.3493,79.2841
58.0888,79.4604
58.8534,79.635
59.6442,79.8077
60.4622,79.9785
61.3086,80.1472
62.1844,80.3137
63.0908,80.4779
64.029,80.6398
65,80.799
66.0051,80.9556
67.0454,81.1094
68.1221,81.2601
69.2364,81.4077
70.3893,81.552
71.5819,81.6928
72.8153,81.8299
74.0903,81.9631
75.4077,82.0923
76.7683,82.2171
78.1725,82.3375
79.6209,82.4532
81.1134,82.5639
82.6501,82.6694
84.2307,82.7695
85.8545,82.864
87.5206,82.9527
89.2277,83.0352
90.9744,83.1115
92.7585,83.1812
94.5778,83.2442
96.4296,83.3003
98.3106,83.3493
100.2176,83.3911
102.1467,83.4254
104.0939,83.4523
106.0548,83.4715
108.0251,83.4831
110,83.4869
111.9749,83.4831
113.9452,83.4715
115.9061,83.4523
117.8533,83.4254
119.7824,83.3911
121.6894,83.3493
123.5704,83.3003
125.4222,83.2442
127.2415,83.1812
129.0256,83.1115
130.7723,83.0352
132.4794,82.9527
134.1455,82.864
135.7693,82.7695
137.3499,82.6694
138.8866,82.5639
140.3791,82.4532
141.8274,82.3375
143.2317,82.2171
144.5923,82.0923
145.9097,81.9631
147.1847,81.8299
148.418,81.6928
149.6107,81.552
150.7636,81.4077
151.8779,81.2601
152.9546,81.1094
153.9949,80.9556
155,80.799
155.971,80.6398
156.9091,80.4779
157.8156,80.3137
158.6914,80.1472
159.5378,79.9785
160.3558,79.8077
161.1466,79.635
161.9112,79.4604
162.6507,79.2841
163.3659,79.1061
164.0579,78.9265
164.7276,78.7455
165.3758,78.563
166.0036,78.3791
166.6115,78.194
167.2005,78.0077
167.7712,77.8202
168.3245,77.6316
168.861,77.442
169.3814,77.2513
169.8863,77.0598
170.3763,76.8673
170.8519,76.674
171.3139,76.4799
171.7625,76.285
172.1985,76.0894
172.6223,75.8931
173.0343,75.6962
173.435,75.4986
173.8247,75.3004
174.204,75.1016
174.5731,74.9023
174.9325,74.7025
175.2825,74.5023
175.6235,74.3015
175.9558,74.1003
176.2796,73.8987
176.5953,73.6967
176.9032,73.4944
177.2035,73.2916
177.4965,73.0886
177.7824,72.8852
178.0615,72.6815
178.334,72.4776
178.6002,72.2733
178.8602,72.0689
179.1142,71.8641
179.3624,71.6592
179.6051,71.454
180.0744,71.0431
180.3014,70.8374
180.5234,70.6315
180.7407,70.4255
180.9534,70.2193
181.1616,70.013
181.3654,69.8065
181.565,69.6
181.7606,69.3933
181.9522,69.1866
182.1399,68.9797
182.3239,68.7728
182.5042,68.5658
182.6811,68.3588
182.8544,68.1517
183.0245,67.9445
183.1913,67.7374
185.4833,64.422
185.6064,64.215
185.7275,64.0081
185.8466,63.8013
185.9638,63.5945
186.079,63.3878
186.1925,63.1812
186.3041,62.9746
186.414,62.7682
186.5222,62.5618
186.6287,62.3555
186.7335,62.1493
186.8368,61.9432
186.9384,61.7372
187.0386,61.5313
187.1373,61.3255
187.2344,61.1198
187.3302,60.9142
35.2551,64.7806
35.3885,64.9872
35.5241,65.1938
35.6621,65.4005
35.8025,65.6071
35.9454,65.8138
36.0908,66.0205
36.2388,66.2272
38.0605,68.4996
38.2458,68.7058
38.4349,68.912
38.6279,69.1181
38.8247,69.3242
39.0256,69.53
39.2307,69.7358
39.44,69.9415
39.6538,70.147
39.8722,70.3523
40.0952,70.5575
40.3231,70.7626
40.556,70.9674
40.7941,71.1721
41.0375,71.3766
41.2864,71.5808
41.541,71.7848
41.8014,71.9886
42.0679,72.1921
42.3406,72.3953
42.6199,72.5982
42.9058,72.8009
43.1986,73.0032
43.4986,73.2051
43.8059,73.4068
44.121,73.608
44.4439,73.8088
44.7751,74.0092
45.1148,74.2092
45.4633,74.4087
45.821,74.6077
46.1881,74.8062
46.565,75.0041
46.9522,75.2015
47.3499,75.3983
47.7585,75.5944
48.1786,75.7899
48.6105,75.9847
49.0546,76.1788
49.5115,76.3721
49.9816,76.5646
50.4655,76.7562
50.9638,76.947
51.4768,77.1368
52.0054,77.3257
52.55,77.5135
53.1113,77.7002
53.6901,77.8858
54.2869,78.0701
54.9025,78.2533
55.5377,78.435
56.1932,78.6154
56.8699,78.7943
57.5686,78.9717
58.2902,79.1474
59.0355,79.3214
59.8056,79.4936
60.6013,79.6639
61.4237,79.8323
62.2737,79.9984
63.1524,80.1624
64.0608,80.324
65,80.4832
65.971,80.6398
66.9749,80.7936
68.0128,80.9445
69.0856,81.0925
70.1944,81.2372
71.3402,81.3786
72.5238,81.5165
73.7462,81.6506
75.008,81.7809
76.3099,81.9071
77.6525,82.029
79.0362,82.1465
80.4612,82.2592
81.9275,82.3671
83.4349,82.4698
84.9831,82.5672
86.5713,82.6591
88.1986,82.7452
89.8637,82.8254
91.565,82.8993
93.3008,82.9669
95.0686,83.028
96.866,83.0823
98.6901,83.1298
100.5377,83.1702
102.4053,83.2034
104.2894,83.2293
106.1859,83.2479
108.0908,83.2591
110,83.2629
111.9091,83.2591
113.8141,83.2479
115.7106,83.2293
117.5946,83.2034
119.4623,83.1702
121.3099,83.1298
123.134,83.0823
124.9314,83.028
126.6992,82.9669
128.435,82.8993
130.1363,82.8254
131.8014,82.7452
133.4287,82.6591
135.0169,82.5672
136.565,82.4698
138.0725,82.3671
139.5388,82.2592
140.9638,82.1465
142.3474,82.029
143.6901,81.9071
144.992,81.7809
146.2538,81.6506
147.4762,81.5165
148.6598,81.3786
149.8056,81.2372
150.9144,81.0925
151.9872,80.9445
153.0251,80.7936
154.029,80.6398
155,80.4832
155.9392,80.324
156.8476,80.1624
157.7263,79.9984
158.5763,79.8323
159.3987,79.6639
160.1944,79.4936
160.9645,79.3214
161.7098,79.1474
162.4314,78.9717
163.1301,78.7943
163.8068,78.6154
164.4623,78.435
165.0975,78.2533
165.7131,78.0701
166.3099,77.8858
166.8887,77.7002
167.45,77.5135
167.9946,77.3257
168.5231,77.1368
169.0362,76.947
169.5345,76.7562
170.0184,76.5646
170.4885,76.3721
170.9454,76.1788
171.3895,75.9847
171.8214,75.7899
172.2415,75.5944
172.6501,75.3983
173.0478,75.2015
173.435,75.0041
173.8119,74.8062
174.179,74.6077
174.5367,74.4087
174.8852,74.2092
175.2249,74.0092
175.556,73.8088
175.879,73.608
176.1941,73.4068
176.5014,73.2051
176.8014,73.0032
177.0942,72.8009
177.3801,72.5982
177.6593,72.3953
177.9321,72.1921
178.1986,71.9886
178.459,71.7848
178.7136,71.5808
178.9625,71.3766
179.2059,71.1721
179.444,70.9674
179.6769,70.7626
179.9048,70.5575
180.1278,70.3523
180.3462,70.147
180.56,69.9415
180.7693,69.7358
180.9744,69.53
181.1753,69.3242
181.3721,69.1181
181.565,68.912
181.7542,68.7058
181.9395,68.4996
182.1213,68.2932
182.2996,68.0868
184.876,64.5741
185.0049,64.3675
185.1317,64.1611
185.2564,63.9547
185.3791,63.7483
185.4998,63.542
185.6186,63.3358
185.7355,63.1296
185.8505,62.9235
185.9638,62.7175
186.0752,62.5115
186.185,62.3057
186.293,62.0999
186.3994,61.8942
186.5043,61.6886
186.6075,61.4831
186.7092,61.2777
186.8094,61.0724
186.9081,60.8672
35.7388,64.7234
35.8759,64.9295
36.0154,65.1355
36.1573,65.3416
36.3017,65.5477
36.4486,65.7539
36.5981,65.96
36.7503,66.1661
38.6216,68.4313
38.8119,68.6368
39.006,68.8423
39.204,69.0477
39.406,69.2529
39.6121,69.458
39.8225,69.663
40.0372,69.8678
40.2565,70.0725
40.4803,70.2771
40.709,70.4814
40.9426,70.6856
41.1813,70.8896
41.4253,71.0933
41.6746,71.2968
41.9296,71.5001
42.1903,71.7032
42.4569,71.906
42.7297,72.1085
43.0089,72.3107
43.2946,72.5126
43.587,72.7141
43.8865,72.9153
44.1932,73.1162
44.5074,73.3167
44.8293,73.5167
45.1593,73.7164
45.4975,73.9156
45.8444,74.1143
46.2001,74.3125
46.565,74.5102
46.9395,74.7074
47.3239,74.904
47.7185,75.1
48.1237,75.2953
48.54,75.49
48.9677,75.684
49.4072,75.8773
49.859,76.0698
50.3236,76.2615
50.8014,76.4524
51.293,76.6424
51.7989,76.8314
52.3196,77.0195
52.8557,77.2066
53.4078,77.3925
53.9765,77.5774
54.5625,77.7611
55.1664,77.9435
55.789,78.1246
56.4309,78.3043
57.0928,78.4826
57.7757,78.6593
58.4802,78.8345
59.2072,79.008
59.9575,79.1797
60.7321,79.3496
61.5318,79.5175
62.3574,79.6833
63.2101,79.847
64.0906,80.0085
65,80.1675
65.9392,80.324
66.9091,80.4779
67.9108,80.6291
68.9452,80.7773
70.0131,80.9224
71.1155,81.0644
72.2532,81.2029
73.427,81.338
74.6375,81.4693
75.8855,81.5967
77.1715,81.7201
78.4957,81.8391
79.8586,81.9538
81.2602,82.0638
82.7004,82.1689
84.179,82.269
85.6954,82.3638
87.249,82.4532
88.8387,82.5369
90.4633,82.6147
92.1213,82.6865
93.8108,82.7522
95.5297,82.8114
97.2756,82.864
99.0459,82.91
100.8377,82.9491
102.6476,82.9813
104.4725,83.0064
106.3086,83.0244
108.1524,83.0352
110,83.0388
111.8476,83.0352
113.6914,83.0244
115.5275,83.0064
117.3524,82.9813
119.1623,82.9491
120.9541,82.91
122.7243,82.864
124.4703,82.8114
126.1892,82.7522
127.8787,82.6865
129.5367,82.6147
131.1613,82.5369
132.751,82.4532
134.3046,82.3638
135.821,82.269
137.2996,82.1689
138.7398,82.0638
140.1414,81.9538
141.5043,81.8391
142.8285,81.7201
144.1145,81.5967
145.3625,81.4693
146.573,81.338
147.7468,81.2029
148.8845,81.0644
149.9869,80.9224
151.0548,80.7773
152.0892,80.6291
153.0908,80.4779
154.0608,80.324
155,80.1675
155.9094,80.0085
156.7899,79.847
157.6425,79.6833
158.4682,79.5175
159.2679,79.3496
160.0425,79.1797
160.7928,79.008
161.5198,78.8345
162.2243,78.6593
162.9072,78.4826
163.5692,78.3043
164.211,78.1246
164.8336,77.9435
165.4375,77.7611
166.0235,77.5774
166.5922,77.3925
167.1443,77.2066
167.6804,77.0195
168.2011,76.8314
168.707,76.6424
169.1985,76.4524
169.6764,76.2615
170.141,76.0698
170.5928,75.8773
171.0323,75.684
171.46,75.49
171.8763,75.2953
172.2815,75.1
172.6761,74.904
173.0605,74.7074
173.435,74.5102
173.7999,74.3125
174.1556,74.1143
174.5024,73.9156
174.8407,73.7164
175.1706,73.5167
175.4926,73.3167
175.8068,73.1162
176.1135,72.9153
176.413,72.7141
176.7054,72.5126
176.9911,72.3107
177.2703,72.1085
177.5431,71.906
177.8097,71.7032
178.0704,71.5001
178.3253,71.2968
178.5747,71.0933
178.8186,70.8896
179.0574,70.6856
179.291,70.4814
179.5197,70.2771
179.7435,70.0725
179.9628,69.8678
180.1775,69.663
180.3879,69.458
180.594,69.2529
180.796,69.0477
180.994,68.8423
181.1881,68.6368
181.3784,68.4313
181.565,68.2256
184.2612,64.7234
184.396,64.5174
184.5287,64.3114
184.6591,64.1054
184.7874,63.8995
184.9136,63.6936
185.0378,63.4878
185.1601,63.2821
185.2803,63.0764
185.3987,62.8707
185.5153,62.6652
185.63,62.4597
185.743,62.2543
185.8542,62.0489
185.9638,61.8437
186.0717,61.6385
186.1779,61.4334
186.2827,61.2284
186.3858,61.0236
186.4875,60.8188
36.0816,64.459
36.2202,64.6645
36.3611,64.87
36.6501,65.281
36.7984,65.4866
36.9492,65.6921
37.1027,65.8976
37.2589,66.1032
39.179,68.361
39.3741,68.5658
39.5731,68.7705
39.7761,68.9751
39.9831,69.1796
40.1943,69.3839
40.4099,69.5881
40.6299,69.7921
40.8545,69.996
41.0837,70.1996
41.3179,70.4031
41.5571,70.6064
41.8014,70.8095
42.0511,71.0123
42.3062,71.2149
42.567,71.4172
42.8336,71.6193
43.1063,71.8211
43.3852,72.0225
43.6705,72.2237
43.9625,72.4245
44.2613,72.625
44.5672,72.8251
44.8804,73.0248
45.2011,73.2242
45.5297,73.423
45.8663,73.6215
46.2114,73.8194
46.565,74.0169
46.9277,74.2138
47.2996,74.4102
47.6811,74.6061
48.0725,74.8013
48.4742,74.9959
48.8866,75.1898
49.31,75.383
49.7449,75.5755
50.1916,75.7673
50.6507,75.9582
51.1225,76.1483
51.6075,76.3376
52.1063,76.5259
52.6192,76.7132
53.147,76.8995
53.6901,77.0848
54.249,77.2689
54.8245,77.4519
55.417,77.6336
56.0274,77.814
56.6561,77.9931
57.3039,78.1708
57.9716,78.347
58.6598,78.5216
59.3693,78.6946
60.1009,78.8658
60.8554,79.0353
61.6335,79.2028
62.4362,79.3683
63.2643,79.5318
64.1186,79.693
65,79.852
65.9094,80.0085
66.8476,80.1624
67.8156,80.3137
68.8141,80.4622
69.844,80.6077
70.9061,80.7501
72.0013,80.8894
73.1301,81.0252
74.2933,81.1575
75.4915,81.286
76.7251,81.4107
77.9946,81.5313
79.3003,81.6476
80.6422,81.7596
82.0205,81.8669
83.4349,81.9694
84.8852,82.0669
86.3706,82.1593
87.8905,82.2463
89.444,82.3277
91.0296,82.4034
92.646,82.4732
94.2914,82.5369
95.9638,82.5943
97.6609,82.6454
99.3803,82.69
101.1193,82.7279
102.875,82.7591
104.6442,82.7834
106.4237,82.8009
108.2101,82.8114
110,82.8149
111.7899,82.8114
113.5763,82.8009
115.3558,82.7834
117.125,82.7591
118.8807,82.7279
120.6197,82.69
122.3391,82.6454
124.0362,82.5943
125.7086,82.5369
127.354,82.4732
128.9704,82.4034
130.556,82.3277
132.1094,82.2463
133.6294,82.1593
135.1148,82.0669
136.565,81.9694
137.9795,81.8669
139.3577,81.7596
140.6997,81.6476
142.0054,81.5313
143.2749,81.4107
144.5085,81.286
145.7067,81.1575
146.8699,81.0252
147.9987,80.8894
149.0939,80.7501
150.156,80.6077
151.1859,80.4622
152.1844,80.3137
153.1524,80.1624
154.0906,80.0085
155,79.852
155.8814,79.693
156.7357,79.5318
157.5638,79.3683
158.3665,79.2028
159.1446,79.0353
159.8991,78.8658
160.6307,78.6946
161.3402,78.5216
162.0284,78.347
162.696,78.1708
163.3439,77.9931
163.9726,77.814
164.5829,77.6336
165.1755,77.4519
165.751,77.2689
166.3099,77.0848
166.853,76.8995
167.3808,76.7132
167.8937,76.5259
168.3925,76.3376
168.8775,76.1483
169.3493,75.9582
169.8084,75.7673
170.2551,75.5755
170.69,75.383
171.1134,75.1898
171.5258,74.9959
171.9275,74.8013
172.3189,74.6061
172.7004,74.4102
173.0723,74.2138
173.435,74.0169
173.7886,73.8194
174.1337,73.6215
174.4703,73.423
174.7989,73.2242
175.1196,73.0248
175.4328,72.8251
175.7387,72.625
176.0375,72.4245
176.3295,72.2237
176.6148,72.0225
176.8937,71.8211
177.1664,71.6193
177.433,71.4172
177.6938,71.2149
177.9489,71.0123
178.1986,70.8095
178.4429,70.6064
178.6821,70.4031
178.9162,70.1996
179.1455,69.996
179.3701,69.7921
179.5901,69.5881
179.8057,69.3839
180.0169,69.1796
180.2239,68.9751
180.4269,68.7705
180.821,68.361
183.3499,65.281
183.4956,65.0755
183.6389,64.87
183.7798,64.6645
183.9184,64.459
184.0546,64.2535
184.1886,64.0481
184.3205,63.8427
184.4502,63.6373
184.5778,63.432
184.7035,63.2267
184.8271,63.0215
184.9488,62.8164
185.0686,62.6113
185.1865,62.4063
185.3027,62.2013
185.4171,61.9964
185.5297,61.7916
185.6407,61.5869
185.75,61.3822
185.8577,61.1777
185.9638,60.9732
186.0683,60.7688
36.4172,64.194
36.5571,64.3989
36.6992,64.6038
36.8438,64.8088
36.9908,65.0137
37.1403,65.2187
37.2924,65.4237
37.4472,65.6286
37.6046,65.8335
37.7648,66.0384
39.5366,68.0846
39.7327,68.2888
39.9325,68.4928
40.1363,68.6968
40.3441,68.9006
40.556,69.1043
40.7723,69.3078
40.9929,69.5111
41.218,69.7143
41.4477,69.9173
41.6823,70.1201
41.9218,70.3227
42.1663,70.5251
42.4161,70.7272
42.6713,70.9291
42.9321,71.1307
43.1986,71.3321
43.471,71.5332
43.7495,71.7339
44.0343,71.9344
44.3256,72.1345
44.6236,72.3342
44.9285,72.5336
45.2405,72.7326
45.56,72.9311
45.887,73.1293
46.222,73.327
46.565,73.5242
46.9165,73.7209
47.2768,73.9171
47.646,74.1127
48.0245,74.3078
48.4127,74.5023
48.8108,74.6961
49.2192,74.8893
49.6384,75.0817
50.0686,75.2735
50.5102,75.4645
50.9638,75.6547
51.4296,75.844
51.9081,76.0325
52.3998,76.2201
52.9052,76.4067
53.4248,76.5923
53.9591,76.7769
54.5085,76.9603
55.0737,77.1426
55.6553,77.3237
56.2538,77.5035
56.8699,77.682
57.5041,77.8591
58.1572,78.0347
58.8298,78.2088
59.5226,78.3813
60.2364,78.5521
60.9717,78.7211
61.7295,78.8883
62.5104,79.0535
63.3153,79.2167
64.1449,79.3777
65,79.5366
65.8814,79.693
66.7899,79.847
67.7263,79.9984
68.6914,80.1472
69.6859,80.293
70.7106,80.4359
71.7662,80.5758
72.8533,80.7123
73.9726,80.8455
75.1247,80.975
76.3099,81.1009
77.5288,81.2229
78.7816,81.3409
80.0685,81.4546
81.3895,81.5639
82.7447,81.6687
84.1336,81.7687
85.556,81.8638
87.0113,81.9538
88.4986,82.0385
90.0169,82.1177
91.565,82.1914
93.1416,82.2592
94.7449,82.3211
96.373,82.377
98.0239,82.4266
99.6952,82.4698
101.3843,82.5066
103.0888,82.5369
104.8056,82.5605
106.5318,82.5774
108.2643,82.5875
110,82.5909
111.7357,82.5875
113.4682,82.5774
115.1944,82.5605
116.9112,82.5369
118.6156,82.5066
120.3048,82.4698
121.9761,82.4266
123.627,82.377
125.2551,82.3211
126.8584,82.2592
128.435,82.1914
129.9831,82.1177
131.5014,82.0385
132.9887,81.9538
134.444,81.8638
135.8663,81.7687
137.2553,81.6687
138.6105,81.5639
139.9315,81.4546
141.2184,81.3409
142.4712,81.2229
143.6901,81.1009
144.8753,80.975
146.0274,80.8455
147.1467,80.7123
148.2338,80.5758
149.2894,80.4359
150.3141,80.293
151.3086,80.1472
152.2737,79.9984
153.2101,79.847
154.1186,79.693
155,79.5366
155.8551,79.3777
156.6847,79.2167
157.4895,79.0535
158.2705,78.8883
159.0283,78.7211
159.7636,78.5521
160.4774,78.3813
161.1702,78.2088
161.8428,78.0347
162.4959,77.8591
163.1301,77.682
163.7462,77.5035
164.3447,77.3237
164.9262,77.1426
165.4915,76.9603
166.0409,76.7769
166.5752,76.5923
167.0948,76.4067
167.6002,76.2201
168.0919,76.0325
168.5704,75.844
169.0362,75.6547
169.4898,75.4645
169.9314,75.2735
170.3616,75.0817
170.7807,74.8893
171.1892,74.6961
171.5873,74.5023
171.9755,74.3078
172.354,74.1127
172.7232,73.9171
173.0835,73.7209
173.435,73.5242
173.778,73.327
174.113,73.1293
174.44,72.9311
174.7595,72.7326
175.0715,72.5336
175.3764,72.3342
175.6744,72.1345
175.9657,71.9344
176.2505,71.7339
176.529,71.5332
176.8014,71.3321
177.0679,71.1307
177.3287,70.9291
177.5839,70.7272
177.8336,70.5251
178.0782,70.3227
178.3177,70.1201
178.5523,69.9173
178.782,69.7143
179.0071,69.5111
179.2278,69.3078
179.444,69.1043
179.6559,68.9006
179.8637,68.6968
182.7075,65.4237
182.8596,65.2187
183.0092,65.0137
183.1562,64.8088
183.3008,64.6038
183.4429,64.3989
183.5828,64.194
183.7203,63.9891
183.8557,63.7842
183.9888,63.5794
184.1199,63.3746
184.2488,63.1698
184.3758,62.9651
184.5007,62.7604
184.6237,62.5558
184.7449,62.3513
184.8642,62.1468
184.9816,61.9423
185.0973,61.738
185.2113,61.5337
185.3236,61.3295
185.4342,61.1254
185.5432,60.9213
185.6507,60.7174
36.8868,64.1328
37.0302,64.3372
37.1759,64.5415
37.4748,64.9503
37.628,65.1546
37.7839,65.359
37.9424,65.5633
38.1038,65.7676
38.2679,65.9719
38.4349,66.1761
40.082,68.0112
40.487,68.4179
40.6954,68.621
40.908,68.8241
41.1247,69.0269
41.3458,69.2296
41.5713,69.4321
41.8014,69.6344
42.0362,69.8366
42.2759,70.0385
42.5206,70.2402
42.7704,70.4416
43.0255,70.6428
43.2861,70.8437
43.5523,71.0444
43.8243,71.2448
44.1022,71.4448
44.3864,71.6445
44.6769,71.8439
44.9739,72.043
45.2777,72.2416
45.5885,72.4399
45.9065,72.6377
46.2319,72.8351
46.565,73.0321
46.9061,73.2286
47.2553,73.4245
47.613,73.62
47.9795,73.8149
48.355,74.0092
48.7398,74.2029
49.1343,74.396
49.5388,74.5884
49.9536,74.7802
50.3791,74.9712
50.8157,75.1615
51.2637,75.3509
51.7236,75.5396
52.1957,75.7273
52.6805,75.9142
53.1785,76.1001
53.6901,76.285
54.2157,76.4689
54.7559,76.6517
55.3112,76.8333
55.8821,77.0138
56.4692,77.193
57.0731,77.3709
57.6942,77.5474
58.3333,77.7225
58.991,77.896
59.6678,78.0681
60.3645,78.2384
61.0817,78.4071
61.8202,78.5739
62.5805,78.7388
63.3634,78.9018
64.1697,79.0626
65,79.2213
65.8551,79.3777
66.7357,79.5318
67.6425,79.6833
68.5763,79.8323
69.5378,79.9785
70.5275,80.1218
71.5463,80.2621
72.5946,80.3994
73.6732,80.5333
74.7824,80.6639
75.9228,80.7909
77.0947,80.9141
78.2986,81.0336
79.5344,81.1489
80.8025,81.2601
82.1027,81.367
83.4349,81.4693
84.7989,81.5669
86.1941,81.6597
87.6199,81.7474
89.0755,81.8299
90.56,81.9071
92.0721,81.9788
93.6105,82.0448
95.1735,82.105
96.7595,82.1593
98.3664,82.2075
99.992,82.2495
101.6341,82.2852
103.2902,82.3146
104.9576,82.3375
106.6335,82.3539
108.3153,82.3638
110,82.3671
111.6847,82.3638
113.3665,82.3539
115.0424,82.3375
116.7098,82.3146
118.3659,82.2852
120.008,82.2495
121.6336,82.2075
123.2405,82.1593
124.8265,82.105
126.3895,82.0448
127.9279,81.9788
129.44,81.9071
130.9245,81.8299
132.3801,81.7474
133.8059,81.6597
135.2011,81.5669
136.565,81.4693
137.8973,81.367
139.1975,81.2601
140.4655,81.1489
141.7014,81.0336
142.9052,80.9141
144.0772,80.7909
145.2176,80.6639
146.3268,80.5333
147.4053,80.3994
148.4537,80.2621
149.4725,80.1218
150.4622,79.9785
151.4237,79.8323
152.3575,79.6833
153.2643,79.5318
154.1449,79.3777
155,79.2213
155.8303,79.0626
156.6366,78.9018
157.4195,78.7388
158.1798,78.5739
158.9183,78.4071
159.6355,78.2384
160.3322,78.0681
161.009,77.896
161.6667,77.7225
162.3058,77.5474
162.9269,77.3709
163.5308,77.193
164.1179,77.0138
164.6888,76.8333
165.2441,76.6517
165.7843,76.4689
166.3099,76.285
166.8215,76.1001
167.3195,75.9142
167.8043,75.7273
168.2764,75.5396
168.7363,75.3509
169.1843,75.1615
169.6209,74.9712
170.0464,74.7802
170.4612,74.5884
170.8657,74.396
171.2602,74.2029
171.645,74.0092
172.0205,73.8149
172.387,73.62
172.7447,73.4245
173.0939,73.2286
173.435,73.0321
173.7681,72.8351
174.0935,72.6377
174.4115,72.4399
174.7223,72.2416
175.0261,72.043
175.3231,71.8439
175.6136,71.6445
175.8978,71.4448
176.1758,71.2448
176.4477,71.0444
176.7139,70.8437
176.9745,70.6428
177.2296,70.4416
177.4794,70.2402
177.7241,70.0385
177.9638,69.8366
178.1986,69.6344
178.4287,69.4321
178.6542,69.2296
178.8753,69.0269
182.2161,65.359
182.372,65.1546
182.5252,64.9503
182.6759,64.7459
182.8241,64.5415
182.9698,64.3372
183.1132,64.1328
183.2543,63.9284
183.393,63.7241
183.5296,63.5198
183.664,63.3155
183.7962,63.1113
183.9264,62.9071
184.0546,62.7029
184.1808,62.4988
184.3051,62.2947
184.4275,62.0907
184.548,61.8867
184.6667,61.6829
184.7837,61.479
184.8989,61.2753
185.0124,61.0716
185.1243,60.868
37.354,64.0699
37.5009,64.2737
37.9562,64.8851
38.1131,65.0888
38.2726,65.2926
38.4349,65.4963
38.6001,65.6999
38.7681,65.9036
38.939,66.1071
40.6235,67.9358
41.0375,68.341
41.2505,68.5433
41.4676,68.7455
41.6891,68.9476
41.9149,69.1494
42.1452,69.3511
42.3801,69.5525
42.6199,69.7538
42.8645,69.9548
43.1142,70.1555
43.3691,70.3561
43.6294,70.5563
43.8952,70.7563
44.1666,70.9559
44.4439,71.1553
44.7273,71.3543
45.0169,71.553
45.3129,71.7513
45.6155,71.9492
45.9249,72.1468
46.2413,72.3439
46.565,72.5406
46.8962,72.7368
47.2351,72.9326
47.582,73.1278
47.9371,73.3226
48.3008,73.5167
48.6731,73.7103
49.0546,73.9033
49.4454,74.0957
49.8459,74.2874
50.2564,74.4784
50.6773,74.6687
51.1088,74.8582
51.5514,75.047
52.0054,75.2349
52.4712,75.422
52.9492,75.6082
53.4399,75.7934
53.9436,75.9776
54.4608,76.1609
54.992,76.343
55.5377,76.524
56.0983,76.7039
56.6743,76.8825
57.2664,77.0598
57.875,77.2357
58.5006,77.4103
59.144,77.5834
59.8056,77.755
60.486,77.9249
61.1859,78.0931
61.9059,78.2596
62.6467,78.4243
63.4089,78.587
64.1931,78.7477
65,78.9062
65.8303,79.0626
66.6847,79.2167
67.5638,79.3683
68.4682,79.5175
69.3987,79.6639
70.3558,79.8077
71.3402,79.9485
72.3524,80.0864
73.3929,80.2211
74.4623,80.3525
75.561,80.4806
76.6894,80.605
77.8477,80.7258
79.0362,80.8427
80.2551,80.9556
81.5044,81.0644
82.7839,81.1688
84.0935,81.2688
85.4328,81.3641
86.8014,81.4546
88.1986,81.5402
89.6236,81.6206
91.0754,81.6958
92.5528,81.7657
94.0546,81.8299
95.5792,81.8885
97.125,81.9413
98.6901,81.9882
100.2724,82.029
101.8699,82.0638
103.4802,82.0923
105.1009,82.1146
106.7295,82.1305
108.3634,82.1401
110,82.1433
111.6366,82.1401
113.2705,82.1305
114.8991,82.1146
116.5198,82.0923
118.1301,82.0638
119.7276,82.029
121.3099,81.9882
122.875,81.9413
124.4208,81.8885
125.9454,81.8299
127.4472,81.7657
128.9246,81.6958
130.3764,81.6206
131.8014,81.5402
133.1986,81.4546
134.5672,81.3641
135.9065,81.2688
137.2161,81.1688
138.4956,81.0644
139.7449,80.9556
140.9638,80.8427
142.1523,80.7258
143.3106,80.605
144.439,80.4806
145.5377,80.3525
146.6071,80.2211
147.6476,80.0864
148.6598,79.9485
149.6442,79.8077
150.6013,79.6639
151.5318,79.5175
152.4362,79.3683
153.3153,79.2167
154.1697,79.0626
155,78.9062
155.8069,78.7477
156.5911,78.587
157.3533,78.4243
158.0941,78.2596
158.8141,78.0931
159.514,77.9249
160.1944,77.755
160.856,77.5834
161.4993,77.4103
162.125,77.2357
162.7336,77.0598
163.3257,76.8825
163.9017,76.7039
164.4623,76.524
165.008,76.343
165.5392,76.1609
166.0564,75.9776
166.5601,75.7934
167.0508,75.6082
167.5288,75.422
167.9946,75.2349
168.4486,75.047
168.8912,74.8582
169.3227,74.6687
169.7436,74.4784
170.1541,74.2874
170.5546,74.0957
170.9454,73.9033
171.3269,73.7103
171.6992,73.5167
172.0629,73.3226
172.418,73.1278
172.7649,72.9326
173.1038,72.7368
173.435,72.5406
173.7587,72.3439
174.0751,72.1468
174.3845,71.9492
174.6871,71.7513
174.9831,71.553
175.2727,71.3543
175.556,71.1553
175.8334,70.9559
176.1048,70.7563
176.3706,70.5563
176.6309,70.3561
176.8858,70.1555
177.1355,69.9548
177.3801,69.7538
177.6199,69.5525
177.8548,69.3511
181.061,66.1071
181.8869,65.0888
182.0438,64.8851
182.1981,64.6813
182.3499,64.4775
182.4991,64.2737
182.646,64.0699
182.7904,63.8661
182.9326,63.6623
183.0725,63.4586
183.2102,63.2548
183.3457,63.0511
183.4791,62.8474
183.6105,62.6438
183.7398,62.4402
183.8672,62.2366
183.9926,62.0331
184.1161,61.8296
184.2379,61.6262
184.3578,61.4228
184.4759,61.2196
184.5923,61.0164
37.671,63.8022
37.8189,64.0054
37.9691,64.2086
38.1219,64.4118
38.2771,64.615
38.4349,64.8182
38.5954,65.0213
38.7586,65.2244
38.9246,65.4275
39.0935,65.6305
39.2653,65.8335
39.44,66.0364
41.1613,67.8586
42.023,68.6651
42.249,68.8663
42.4794,69.0673
42.7144,69.2681
42.9541,69.4686
43.1986,69.669
43.4481,69.8691
43.7026,70.0689
43.9625,70.2684
44.2277,70.4677
44.4986,70.6667
44.7751,70.8654
45.0576,71.0637
45.3462,71.2617
45.641,71.4593
45.9423,71.6565
46.2502,71.8534
46.565,72.0498
46.8869,72.2458
47.2161,72.4413
47.5528,72.6363
47.8973,72.8308
48.2497,73.0248
48.6105,73.2183
48.9797,73.4112
49.3577,73.6035
49.7449,73.7951
50.1414,73.9861
50.5476,74.1764
50.9638,74.366
51.3903,74.5549
51.8274,74.7429
52.2756,74.9302
52.7352,75.1166
53.2066,75.3021
53.6901,75.4866
54.1861,75.6702
54.6951,75.8528
55.2176,76.0343
55.7539,76.2147
56.3045,76.394
56.8699,76.572
57.4506,76.7487
58.047,76.9242
58.6598,77.0982
59.2894,77.2709
59.9364,77.442
60.6013,77.6115
61.2847,77.7794
61.9872,77.9455
62.7094,78.1099
63.4518,78.2724
64.2152,78.4329
65,78.5913
65.8069,78.7477
66.6366,78.9018
67.4895,79.0535
68.3665,79.2028
69.2679,79.3496
70.1944,79.4936
71.1466,79.635
72.125,79.7734
73.1301,79.9088
74.1623,80.0411
75.2222,80.17
76.3099,80.2956
77.4259,80.4176
78.5704,80.536
79.7436,80.6505
80.9454,80.761
82.1759,80.8674
83.4349,80.9695
84.7223,81.0672
86.0375,81.1603
87.3801,81.2487
88.7495,81.3322
90.1448,81.4107
91.565,81.484
93.0092,81.552
94.4759,81.6146
95.9638,81.6717
97.4712,81.7231
98.9965,81.7687
100.5377,81.8084
102.0928,81.8422
103.6598,81.87
105.2364,81.8916
106.8202,81.9071
108.4089,81.9164
110,81.9195
111.5911,81.9164
113.1798,81.9071
114.7636,81.8916
116.3402,81.87
117.9072,81.8422
119.4623,81.8084
121.0035,81.7687
122.5288,81.7231
124.0362,81.6717
125.5241,81.6146
126.9908,81.552
128.435,81.484
129.8552,81.4107
131.2505,81.3322
132.6199,81.2487
133.9625,81.1603
135.2777,81.0672
136.565,80.9695
137.8241,80.8674
139.0546,80.761
140.2564,80.6505
141.4296,80.536
142.5741,80.4176
143.6901,80.2956
144.7778,80.17
145.8376,80.0411
146.8699,79.9088
147.875,79.7734
148.8534,79.635
149.8056,79.4936
150.7321,79.3496
151.6335,79.2028
152.5105,79.0535
153.3634,78.9018
154.1931,78.7477
155,78.5913
155.7848,78.4329
156.5482,78.2724
157.2906,78.1099
158.0128,77.9455
158.7153,77.7794
159.3987,77.6115
160.0636,77.442
160.7106,77.2709
161.3402,77.0982
161.953,76.9242
162.5494,76.7487
163.1301,76.572
163.6955,76.394
164.2461,76.2147
164.7824,76.0343
165.3048,75.8528
165.8139,75.6702
166.3099,75.4866
166.7934,75.3021
167.2648,75.1166
167.7243,74.9302
168.1726,74.7429
168.6097,74.5549
169.0362,74.366
169.4524,74.1764
169.8586,73.9861
170.2551,73.7951
170.6422,73.6035
171.0203,73.4112
171.3895,73.2183
171.7503,73.0248
172.1027,72.8308
172.4472,72.6363
172.7839,72.4413
173.1131,72.2458
173.435,72.0498
173.7498,71.8534
174.0577,71.6565
174.359,71.4593
174.6538,71.2617
174.9424,71.0637
175.2249,70.8654
175.5014,70.6667
175.7722,70.4677
176.0375,70.2684
176.2973,70.0689
176.5519,69.8691
176.8014,69.669
177.0459,69.4686
180.56,66.0364
180.7347,65.8335
180.9065,65.6305
181.0754,65.4275
181.2413,65.2244
181.4046,65.0213
181.565,64.8182
181.7229,64.615
181.8781,64.4118
182.0309,64.2086
182.1811,64.0054
182.329,63.8022
182.4744,63.599
182.6176,63.3958
182.7585,63.1926
182.8973,62.9894
183.0339,62.7862
183.1683,62.5831
183.3008,62.38
183.4312,62.177
183.5596,61.9739
183.6861,61.771
183.8108,61.568
183.9336,61.3652
184.0546,61.1624
39.0751,64.9522
39.2419,65.1546
39.4115,65.357
39.584,65.5594
39.7595,65.7617
39.938,65.9639
40.1196,66.1661
41.2796,67.3769
41.4854,67.5783
41.6951,67.7795
41.9087,67.9806
42.1263,68.1815
42.5741,68.5827
42.8045,68.7831
43.0394,68.9832
43.2789,69.1831
43.5232,69.3827
43.7723,69.5822
44.0265,69.7813
44.2858,69.9802
44.5504,70.1788
44.8205,70.3771
45.0962,70.5751
45.3777,70.7727
45.6652,70.97
45.9588,71.1669
46.2587,71.3635
46.565,71.5596
46.8781,71.7553
47.1981,71.9506
47.5252,72.1454
47.8596,72.3398
48.2016,72.5336
48.5514,72.7269
48.9092,72.9196
49.2752,73.1118
49.6499,73.3034
50.0333,73.4944
50.4258,73.6847
50.8277,73.8743
51.2392,74.0632
51.6607,74.2514
52.0926,74.4387
52.5351,74.6253
52.9885,74.811
53.4533,74.9959
53.9298,75.1798
54.4184,75.3628
54.9194,75.5447
55.4333,75.7256
55.9605,75.9054
56.5014,76.0841
57.0565,76.2615
57.6262,76.4378
58.211,76.6127
58.8114,76.7863
59.4278,76.9584
60.0608,77.1291
60.7108,77.2982
61.3785,77.4658
62.0643,77.6316
62.7688,77.7957
63.4926,77.9579
64.2361,78.1183
65,78.2766
65.7848,78.4329
66.5911,78.587
67.4195,78.7388
68.2705,78.8883
69.1446,79.0353
70.0424,79.1797
70.9645,79.3214
71.9112,79.4604
72.8831,79.5964
73.8807,79.7295
74.9042,79.8593
75.9541,79.9859
77.0306,80.1091
78.134,80.2288
79.2645,80.3448
80.4222,80.4569
81.607,80.5651
82.8189,80.6692
84.0577,80.7691
85.3231,80.8646
86.6148,80.9556
87.9321,81.042
89.2744,81.1235
90.641,81.2001
92.0309,81.2716
93.4429,81.338
94.876,81.399
96.3287,81.4546
97.7995,81.5046
99.2869,81.5491
100.789,81.5878
102.3039,81.6206
103.8298,81.6476
105.3645,81.6687
106.9059,81.6838
108.4518,81.6928
110,81.6958
111.5482,81.6928
113.0941,81.6838
114.6355,81.6687
116.1702,81.6476
117.6961,81.6206
119.211,81.5878
120.7131,81.5491
122.2005,81.5046
123.6713,81.4546
125.124,81.399
126.5571,81.338
127.9691,81.2716
129.359,81.2001
130.7256,81.1235
132.0679,81.042
133.3852,80.9556
134.6768,80.8646
135.9423,80.7691
137.1811,80.6692
138.393,80.5651
139.5779,80.4569
140.7355,80.3448
141.866,80.2288
142.9694,80.1091
144.0459,79.9859
145.0958,79.8593
146.1193,79.7295
147.1169,79.5964
148.0888,79.4604
149.0355,79.3214
149.9576,79.1797
150.8554,79.0353
151.7295,78.8883
152.5805,78.7388
153.4089,78.587
154.2152,78.4329
155,78.2766
155.7639,78.1183
156.5074,77.9579
157.2312,77.7957
157.9357,77.6316
158.6215,77.4658
159.2892,77.2982
159.9392,77.1291
160.5722,76.9584
161.1886,76.7863
161.789,76.6127
162.3738,76.4378
162.9435,76.2615
163.4986,76.0841
164.0395,75.9054
164.5667,75.7256
165.0806,75.5447
165.5816,75.3628
166.0702,75.1798
166.5467,74.9959
167.0115,74.811
167.4649,74.6253
167.9074,74.4387
168.3392,74.2514
168.7608,74.0632
169.1723,73.8743
169.5742,73.6847
169.9667,73.4944
170.3501,73.3034
170.7247,73.1118
171.0908,72.9196
171.4486,72.7269
171.7984,72.5336
172.1404,72.3398
172.4748,72.1454
172.8019,71.9506
173.1219,71.7553
173.435,71.5596
173.7413,71.3635
174.0412,71.1669
174.3348,70.97
174.6223,70.7727
174.9037,70.5751
175.1795,70.3771
175.4496,70.1788
175.7142,69.9802
175.9735,69.7813
176.2277,69.5822
176.4768,69.3827
180.2405,65.7617
180.416,65.5594
180.5885,65.357
180.7581,65.1546
180.9249,64.9522
181.0889,64.7496
181.2503,64.5471
181.4089,64.3445
181.565,64.1419
181.7187,63.9393
181.8698,63.7366
182.0186,63.534
182.165,63.3314
182.3091,63.1287
182.451,62.9261
182.5907,62.7235
182.7283,62.5209
182.8637,62.3183
182.9971,62.1158
183.1286,61.9133
183.258,61.7108
183.3856,61.5084
183.5112,61.306
39.3845,64.6794
39.552,64.8813
39.7223,65.0831
39.8954,65.2849
40.0715,65.4866
40.4328,65.8897
40.6182,66.0912
40.8068,66.2925
40.9987,66.4938
41.5953,67.0968
41.8014,67.2975
42.0113,67.4981
42.225,67.6985
42.4427,67.8988
42.6646,68.0989
42.8905,68.2988
43.1208,68.4984
43.3556,68.6979
43.5948,68.8972
43.8387,69.0962
44.0874,69.2949
44.3411,69.4934
44.5998,69.6916
44.8637,69.8895
45.1329,70.0872
45.4077,70.2845
45.6881,70.4814
45.9744,70.678
46.2666,70.8743
46.565,71.0701
46.8698,71.2656
47.1811,71.4606
47.4991,71.6552
47.8241,71.8493
48.1562,72.043
48.4956,72.2361
48.8427,72.4287
49.1975,72.6208
49.5603,72.8123
49.9315,73.0032
50.3112,73.1935
50.6997,73.3831
51.0973,73.572
51.5043,73.7602
51.9209,73.9477
52.3474,74.1345
52.7843,74.3204
53.2317,74.5054
53.6901,74.6896
54.1597,74.8729
54.6409,75.0553
55.1342,75.2366
55.6398,75.4169
56.1582,75.5961
56.6897,75.7742
57.2348,75.9512
57.7939,76.1269
58.3675,76.3013
58.9559,76.4744
59.5597,76.6461
60.1792,76.8164
60.8151,76.9851
61.4677,77.1523
62.1376,77.3178
62.8252,77.4816
63.5312,77.6437
64.2559,77.8038
65,77.9621
65.7639,78.1183
66.5481,78.2724
67.3533,78.4243
68.1798,78.5739
69.0283,78.7211
69.8991,78.8658
70.7928,79.008
71.7098,79.1474
72.6507,79.2841
73.6156,79.4178
74.6052,79.5485
75.6197,79.6761
76.6593,79.8003
77.7243,79.9212
78.815,80.0385
79.9314,80.1522
81.0736,80.2621
82.2414,80.3681
83.4349,80.47
84.6538,80.5678
85.8978,80.6612
87.1663,80.7501
88.459,80.8345
89.7751,80.9141
91.1139,80.9889
92.4744,81.0588
93.8557,81.1235
95.2564,81.183
96.6755,81.2372
98.1113,81.286
99.5625,81.3293
101.0274,81.367
102.5041,81.399
103.991,81.4253
105.486,81.4458
106.9872,81.4605
108.4926,81.4693
110,81.4722
111.5074,81.4693
113.0128,81.4605
114.514,81.4458
116.009,81.4253
117.4959,81.399
118.9726,81.367
120.4375,81.3293
121.8886,81.286
123.3245,81.2372
124.7436,81.183
126.1443,81.1235
127.5256,81.0588
128.8861,80.9889
130.2249,80.9141
131.541,80.8345
132.8336,80.7501
134.1022,80.6612
135.3462,80.5678
136.565,80.47
137.7585,80.3681
138.9264,80.2621
140.0686,80.1522
141.185,80.0385
142.2756,79.9212
143.3407,79.8003
144.3803,79.6761
145.3948,79.5485
146.3844,79.4178
147.3493,79.2841
148.2902,79.1474
149.2072,79.008
150.1009,78.8658
150.9717,78.7211
151.8202,78.5739
152.6467,78.4243
153.4518,78.2724
154.2361,78.1183
155,77.9621
155.7441,77.8038
156.4688,77.6437
157.1747,77.4816
157.8624,77.3178
158.5323,77.1523
159.1849,76.9851
159.8208,76.8164
160.4403,76.6461
161.0441,76.4744
161.6325,76.3013
162.2061,76.1269
162.7652,75.9512
163.3103,75.7742
163.8418,75.5961
164.3602,75.4169
164.8658,75.2366
165.3591,75.0553
165.8403,74.8729
166.3099,74.6896
166.7683,74.5054
167.2157,74.3204
167.6525,74.1345
168.0791,73.9477
168.4957,73.7602
168.9027,73.572
169.3003,73.3831
169.6888,73.1935
170.0685,73.0032
170.4397,72.8123
170.8025,72.6208
171.1573,72.4287
171.5044,72.2361
171.8438,72.043
172.1759,71.8493
172.5009,71.6552
172.8189,71.4606
173.1302,71.2656
173.435,71.0701
173.7334,70.8743
174.0256,70.678
174.3119,70.4814
174.5923,70.2845
174.8671,70.0872
175.1363,69.8895
175.4002,69.6916
180.1046,65.2849
180.2777,65.0831
180.448,64.8813
180.6155,64.6794
180.7802,64.4775
180.9423,64.2756
181.1017,64.0736
181.2587,63.8715
181.4131,63.6695
181.565,63.4674
181.7146,63.2654
181.8619,63.0633
182.0069,62.8612
182.1497,62.6592
182.2903,62.4571
182.4287,62.2551
182.5651,62.0531
182.6995,61.8511
182.8318,61.6492
182.9622,61.4473
39.8552,64.6076
40.0261,64.8088
40.1998,65.0099
40.9245,65.8138
41.1135,66.0146
41.3058,66.2152
41.5014,66.4157
41.7005,66.6161
41.9032,66.8163
42.1094,67.0164
42.3194,67.2164
42.5332,67.4162
42.751,67.6158
42.9727,67.8152
43.1986,68.0145
43.4287,68.2135
43.6631,68.4123
43.902,68.6109
44.1455,68.8092
44.3937,69.0073
44.6468,69.2052
44.9048,69.4027
45.1679,69.6
45.4362,69.7969
45.7099,69.9935
45.9892,70.1898
46.2742,70.3858
46.565,70.5813
46.8619,70.7765
47.165,70.9713
47.4744,71.1656
47.7904,71.3595
48.1132,71.553
48.4429,71.746
48.7798,71.9384
49.124,72.1304
49.4759,72.3217
49.8355,72.5126
50.2032,72.7028
50.5792,72.8924
50.9638,73.0813
51.3571,73.2696
51.7595,73.4572
52.1712,73.644
52.5926,73.8301
53.0239,74.0154
53.4654,74.1998
53.9174,74.3834
54.3803,74.5661
54.8545,74.7478
55.3401,74.9285
55.8376,75.1083
56.3475,75.2869
56.8699,75.4645
57.4054,75.6409
57.9542,75.8161
58.5169,75.99
59.0939,76.1627
59.6854,76.3339
60.2921,76.5038
60.9144,76.6722
61.5526,76.839
62.2073,77.0042
62.8789,77.1678
63.5679,77.3296
64.2748,77.4896
65,77.6477
65.7441,77.8038
66.5074,77.9579
67.2906,78.1099
68.0941,78.2596
68.9182,78.4071
69.7636,78.5521
70.6307,78.6946
71.5198,78.8345
72.4314,78.9717
73.3659,79.1061
74.3236,79.2376
75.3048,79.366
76.3099,79.4913
77.3391,79.6133
78.3925,79.7319
79.4703,79.847
80.5725,79.9585
81.6992,80.0662
82.8503,80.17
84.0256,80.2699
85.2249,80.3655
86.4477,80.4569
87.6938,80.5439
88.9625,80.6264
90.2532,80.7042
91.565,80.7773
92.8973,80.8455
95.6186,80.9667
97.0054,81.0196
98.4078,81.0672
99.8245,81.1094
101.2538,81.1461
102.6942,81.1773
104.144,81.2029
105.6013,81.2229
107.0643,81.2372
108.5312,81.2458
110,81.2487
111.4688,81.2458
112.9357,81.2372
114.3987,81.2229
115.856,81.2029
117.3058,81.1773
118.7462,81.1461
120.1755,81.1094
121.5922,81.0672
122.9946,81.0196
124.3814,80.9667
125.7512,80.9086
127.1027,80.8455
128.435,80.7773
129.7468,80.7042
131.0375,80.6264
132.3062,80.5439
133.5523,80.4569
134.7751,80.3655
135.9744,80.2699
137.1497,80.17
138.3008,80.0662
139.4275,79.9585
140.5297,79.847
141.6075,79.7319
142.6609,79.6133
143.6901,79.4913
144.6952,79.366
145.6764,79.2376
146.6341,79.1061
147.5686,78.9717
148.4802,78.8345
149.3693,78.6946
150.2364,78.5521
151.0817,78.4071
151.9059,78.2596
152.7094,78.1099
153.4926,77.9579
154.2559,77.8038
155,77.6477
155.7252,77.4896
156.4321,77.3296
157.1211,77.1678
157.7927,77.0042
158.4474,76.839
159.0856,76.6722
159.7079,76.5038
160.3145,76.3339
160.9061,76.1627
161.4831,75.99
162.0458,75.8161
162.5946,75.6409
163.1301,75.4645
163.6525,75.2869
164.1624,75.1083
164.6599,74.9285
165.1455,74.7478
165.6196,74.5661
166.0826,74.3834
166.5346,74.1998
166.9761,74.0154
167.4074,73.8301
167.8288,73.644
168.2405,73.4572
168.6429,73.2696
169.0362,73.0813
169.4208,72.8924
169.7968,72.7028
170.1645,72.5126
170.5241,72.3217
170.8759,72.1304
171.2202,71.9384
171.5571,71.746
171.8868,71.553
172.2095,71.3595
172.5256,71.1656
172.835,70.9713
173.1381,70.7765
173.435,70.5813
173.7258,70.3858
174.0108,70.1898
174.29,69.9935
174.5638,69.7969
179.9739,64.8088
180.1448,64.6076
180.3129,64.4063
180.4783,64.205
180.641,64.0036
180.8011,63.8022
180.9588,63.6008
181.1139,63.3993
181.2666,63.1978
181.417,62.9963
181.565,62.7948
181.7108,62.5934
181.8544,62.3919
181.9958,62.1904
182.1351,61.9889
182.2724,61.7875
182.4076,61.586
40.4973,64.7346
41.8014,66.1361
42.0007,66.3359
42.2035,66.5355
42.4098,66.735
42.6199,66.9343
42.8336,67.1334
43.0513,67.3324
43.2729,67.5312
43.4986,67.7298
43.7284,67.9282
43.9625,68.1264
44.201,68.3243
44.4439,68.522
44.6916,68.7194
44.9439,68.9166
45.2011,69.1135
45.4633,69.3101
45.7307,69.5064
46.0033,69.7024
46.2814,69.898
46.565,70.0933
46.8544,70.2882
47.1497,70.4827
47.451,70.6768
47.7585,70.8705
48.0725,71.0637
48.393,71.2565
48.7203,71.4488
49.0546,71.6406
49.396,71.8318
49.7449,72.0225
50.1013,72.2127
50.4655,72.4023
50.8378,72.5912
51.2184,72.7795
51.6075,72.9671
52.0054,73.154
52.4123,73.3402
52.8285,73.5257
53.2544,73.7103
53.6901,73.8941
54.1359,74.0771
54.5923,74.2592
55.0594,74.4403
55.5377,74.6205
56.0274,74.7997
56.5288,74.9778
57.0425,75.1548
57.5686,75.3307
58.1076,75.5054
58.6598,75.6789
59.2257,75.851
59.8056,76.0219
60.3999,76.1914
61.0091,76.3594
61.6335,76.5259
62.2737,76.6908
62.93,76.8541
63.6028,77.0157
64.2927,77.1755
65,77.3335
65.7252,77.4896
66.4688,77.6437
67.2312,77.7957
68.0128,77.9455
68.8141,78.0931
69.6355,78.2384
70.4774,78.3813
71.3402,78.5216
72.2243,78.6593
73.1301,78.7943
74.0579,78.9265
75.008,79.0558
75.9806,79.182
76.9761,79.3051
77.9946,79.4249
79.0362,79.5413
80.1011,79.6543
81.1892,79.7636
82.3005,79.8692
83.4349,79.971
84.5923,80.0687
85.7722,80.1624
86.9745,80.2519
88.1986,80.337
89.444,80.4176
90.71,80.4937
91.9958,80.5651
93.3008,80.6317
97.3196,80.8018
98.6901,80.8482
100.0738,80.8894
101.4692,80.9252
102.875,80.9556
104.2894,80.9806
105.7108,81.0001
107.1376,81.014
108.5679,81.0224
110,81.0252
111.4321,81.0224
112.8624,81.014
114.2892,81.0001
115.7106,80.9806
117.125,80.9556
118.5308,80.9252
119.9262,80.8894
121.3099,80.8482
122.6804,80.8018
124.0362,80.7501
125.3762,80.6934
126.6992,80.6317
128.0042,80.5651
129.2901,80.4937
130.556,80.4176
131.8014,80.337
133.0255,80.2519
134.2277,80.1624
135.4077,80.0687
136.565,79.971
137.6995,79.8692
138.8108,79.7636
139.8989,79.6543
140.9638,79.5413
142.0054,79.4249
143.0239,79.3051
144.0193,79.182
144.992,79.0558
145.9421,78.9265
146.8699,78.7943
147.7757,78.6593
148.6598,78.5216
149.5226,78.3813
150.3645,78.2384
151.1859,78.0931
151.9872,77.9455
152.7688,77.7957
153.5312,77.6437
154.2748,77.4896
155,77.3335
155.7073,77.1755
156.3972,77.0157
157.07,76.8541
157.7263,76.6908
158.3665,76.5259
158.9909,76.3594
159.6001,76.1914
160.1944,76.0219
160.7743,75.851
161.3402,75.6789
161.8924,75.5054
162.4314,75.3307
162.9575,75.1548
163.4711,74.9778
163.9726,74.7997
164.4623,74.6205
164.9406,74.4403
165.4077,74.2592
165.8641,74.0771
166.3099,73.8941
166.7456,73.7103
167.1715,73.5257
167.5877,73.3402
167.9946,73.154
168.3925,72.9671
168.7816,72.7795
169.1622,72.5912
169.5345,72.4023
169.8987,72.2127
170.2551,72.0225
170.604,71.8318
170.9454,71.6406
171.2797,71.4488
171.607,71.2565
171.9275,71.0637
172.2415,70.8705
172.549,70.6768
172.8503,70.4827
173.1456,70.2882
173.435,70.0933
173.7186,69.898
173.9966,69.7024
179.5027,64.7346
179.6769,64.5341
179.8483,64.3335
180.0169,64.1328
180.1829,63.932
180.3462,63.7313
180.5069,63.5305
180.6652,63.3296
180.821,63.1287
180.9744,62.9278
181.1255,62.7269
181.2742,62.526
181.4207,62.3251
181.565,62.1242
181.7072,61.9232
181.8473,61.7223
181.9853,61.5215
42.4965,66.2543
42.9128,66.6519
43.1265,66.8504
43.344,67.0487
43.5654,67.2469
43.7908,67.4449
44.0202,67.6426
44.2539,67.8401
44.4919,68.0374
44.9812,68.4313
45.2328,68.6278
45.4892,68.8241
45.7505,69.02
46.0168,69.2156
46.2883,69.4109
46.565,69.6059
46.8473,69.8005
47.1351,69.9948
47.4287,70.1886
47.7283,70.382
48.0338,70.5751
48.3457,70.7676
48.664,70.9598
48.9888,71.1514
49.3205,71.3425
49.6591,71.5332
50.0049,71.7232
50.3581,71.9127
50.7189,72.1016
51.0875,72.2899
51.4641,72.4776
51.849,72.6646
52.2425,72.8509
52.6446,73.0364
53.0558,73.2212
53.4763,73.4053
53.9063,73.5885
54.3461,73.7709
54.796,73.9523
55.2564,74.1329
55.7274,74.3125
56.2094,74.4911
56.7029,74.6687
57.2079,74.8452
58.2544,75.1948
60.5028,75.8791
61.0995,76.0467
61.7107,76.2129
62.337,76.3775
62.9786,76.5406
63.6361,76.702
64.3097,76.8617
65,77.0195
65.7073,77.1755
66.4321,77.3296
67.1747,77.4816
67.9357,77.6316
68.7153,77.7794
69.514,77.9249
70.3322,78.0681
71.1702,78.2088
72.0284,78.347
72.9072,78.4826
73.8068,78.6154
74.7276,78.7455
75.6698,78.8726
76.6336,78.9966
77.6193,79.1176
78.627,79.2352
79.6567,79.3496
80.7086,79.4604
81.7826,79.5677
82.8787,79.6712
83.9966,79.7709
85.1363,79.8668
86.2973,79.9585
87.4794,80.0461
88.6821,80.1294
89.9048,80.2083
91.1468,80.2827
92.4076,80.3525
93.6861,80.4176
97.6192,80.5837
98.9591,80.6291
100.3112,80.6692
101.6743,80.7042
103.047,80.7339
104.4278,80.7583
105.8151,80.7773
107.2073,80.7909
108.6028,80.799
110,80.8018
111.3972,80.799
112.7927,80.7909
114.1849,80.7773
115.5722,80.7583
116.9529,80.7339
118.3256,80.7042
119.6888,80.6692
121.0409,80.6291
122.3808,80.5837
123.707,80.5333
125.0184,80.4779
126.3139,80.4176
127.5924,80.3525
128.8532,80.2827
130.0952,80.2083
131.3179,80.1294
132.5206,80.0461
133.7026,79.9585
134.8637,79.8668
136.0033,79.7709
137.1213,79.6712
138.2174,79.5677
139.2914,79.4604
140.3432,79.3496
141.373,79.2352
142.3807,79.1176
143.3664,78.9966
144.3302,78.8726
145.2724,78.7455
146.1932,78.6154
147.0928,78.4826
147.9716,78.347
148.8298,78.2088
149.6678,78.0681
150.486,77.9249
151.2847,77.7794
152.0643,77.6316
152.8253,77.4816
153.5679,77.3296
154.2927,77.1755
155,77.0195
155.6903,76.8617
156.3639,76.702
157.0214,76.5406
157.663,76.3775
158.2892,76.2129
158.9005,76.0467
159.4971,75.8791
160.0796,75.71
160.6482,75.5396
161.2035,75.3678
161.7456,75.1948
162.275,75.0206
162.7921,74.8452
163.2971,74.6687
163.7905,74.4911
164.2726,74.3125
164.7436,74.1329
165.204,73.9523
165.6539,73.7709
166.0937,73.5885
166.5237,73.4053
166.9442,73.2212
167.3553,73.0364
167.7575,72.8509
168.1509,72.6646
168.5359,72.4776
168.9125,72.2899
169.2811,72.1016
169.6419,71.9127
169.9951,71.7232
170.3409,71.5332
170.6795,71.3425
171.0112,71.1514
171.336,70.9598
171.6543,70.7676
171.9661,70.5751
172.2717,70.382
172.5713,70.1886
172.8649,69.9948
173.1527,69.8005
179.0343,64.6589
179.2118,64.459
179.3864,64.259
179.5582,64.059
179.7273,63.8589
179.8938,63.6588
180.0576,63.4586
180.2189,63.2584
180.3777,63.0581
180.5341,62.8578
180.6881,62.6575
180.8398,62.4571
180.9892,62.2568
181.1364,62.0564
181.2814,61.8561
181.4243,61.6557
43.1986,66.3692
43.4121,66.5671
43.6294,66.7648
43.8505,66.9623
44.0755,67.1596
44.3045,67.3568
45.7693,68.5344
46.0296,68.7297
46.2948,68.9246
46.565,69.1193
46.8405,69.3136
47.1213,69.5076
47.4076,69.7012
47.6995,69.8944
47.9971,70.0872
48.3008,70.2795
48.6105,70.4715
48.9264,70.6629
49.2488,70.8539
49.5778,71.0444
49.9136,71.2344
50.2564,71.4238
50.6064,71.6126
50.9638,71.8009
51.3287,71.9886
51.7014,72.1756
52.0822,72.362
52.4712,72.5476
52.8687,72.7326
53.2749,72.9168
53.6901,73.1002
54.1145,73.2828
54.5484,73.4646
54.992,73.6455
55.9097,74.0046
57.875,74.7106
62.3974,76.0645
63.0251,76.2273
63.6678,76.3885
64.326,76.548
65,76.7057
65.6903,76.8617
66.3972,77.0157
67.1211,77.1678
67.8624,77.3178
68.6215,77.4658
69.3987,77.6115
70.1944,77.755
71.009,77.896
71.8428,78.0347
72.696,78.1708
73.5691,78.3043
74.4623,78.435
75.3758,78.563
76.3099,78.688
77.2648,78.8099
78.2405,78.9288
79.2373,79.0444
80.2551,79.1566
81.294,79.2654
82.354,79.3707
83.4349,79.4723
84.5367,79.5701
85.6589,79.6639
86.8014,79.7538
87.9638,79.8396
89.1455,79.9212
90.3462,79.9984
91.565,80.0713
92.8015,80.1395
97.9052,80.3655
99.2157,80.4098
100.5377,80.449
101.8699,80.4832
103.211,80.5122
104.5597,80.536
105.9144,80.5545
107.2737,80.5678
108.6361,80.5758
110,80.5784
111.3639,80.5758
112.7263,80.5678
114.0856,80.5545
115.4403,80.536
116.789,80.5122
118.1301,80.4832
119.4623,80.449
120.7843,80.4098
122.0948,80.3655
123.3925,80.3163
124.6764,80.2621
125.9454,80.2032
127.1985,80.1395
128.435,80.0713
129.6538,79.9984
130.8544,79.9212
132.0362,79.8396
133.1986,79.7538
134.3411,79.6639
135.4633,79.5701
136.565,79.4723
137.646,79.3707
138.706,79.2654
139.7449,79.1566
140.7627,79.0444
141.7595,78.9288
142.7352,78.8099
143.6901,78.688
144.6242,78.563
145.5377,78.435
146.4308,78.3043
147.304,78.1708
148.1572,78.0347
148.991,77.896
149.8056,77.755
150.6013,77.6115
151.3785,77.4658
152.1376,77.3178
152.8789,77.1678
153.6028,77.0157
154.3097,76.8617
155,76.7057
155.674,76.548
156.3322,76.3885
156.9749,76.2273
157.6026,76.0645
158.2155,75.9001
158.8141,75.7343
159.3987,75.567
159.9697,75.3983
160.5275,75.2282
161.0724,75.0569
161.6048,74.8844
162.125,74.7106
162.6333,74.5357
163.1301,74.3597
163.6156,74.1827
164.0903,74.0046
164.5543,73.8255
165.008,73.6455
165.4516,73.4646
165.8855,73.2828
166.3099,73.1002
166.7251,72.9168
167.1313,72.7326
167.5288,72.5476
167.9178,72.362
168.2986,72.1756
168.6713,71.9886
169.0362,71.8009
169.3936,71.6126
169.7436,71.4238
170.0864,71.2344
170.4222,71.0444
170.7512,70.8539
171.0736,70.6629
171.3895,70.4715
171.6992,70.2795
172.0029,70.0872
172.3005,69.8944
172.8787,69.5076
178.7495,64.3823
178.9273,64.183
179.1022,63.9837
179.2744,63.7842
179.444,63.5847
179.6108,63.3852
179.7751,63.1856
179.9369,62.9859
180.0963,62.7862
180.2532,62.5865
180.4077,62.3868
180.56,62.187
180.71,61.9872
180.8577,61.7875
181.0034,61.5877
181.1469,61.3879
43.4774,66.0862
43.6907,66.2835
43.9077,66.4806
44.1284,66.6775
44.353,66.8742
44.5816,67.0707
44.8142,67.2669
45.051,67.463
45.292,67.6587
45.5374,67.8542
46.0418,68.2445
46.301,68.4391
46.565,68.6335
46.834,68.8275
47.1081,69.0211
47.3874,69.2145
47.6721,69.4074
47.9622,69.6
48.258,69.7921
48.5596,69.9838
48.8671,70.1751
49.1808,70.366
49.5007,70.5563
49.8271,70.7462
50.1601,70.9355
50.4998,71.1243
50.8466,71.3125
51.2005,71.5001
51.5618,71.6872
51.9307,71.8736
52.3073,72.0593
52.692,72.2444
53.0848,72.4287
53.4862,72.6123
55.1807,73.3388
57.5191,74.2263
59.0531,74.7462
60.1355,75.0867
61.2686,75.422
63.0694,75.9142
64.3415,76.2345
65,76.3921
65.674,76.548
66.3639,76.702
67.07,76.8541
67.7927,77.0042
68.5323,77.1523
69.2891,77.2982
70.0636,77.442
70.856,77.5834
71.6666,77.7225
72.4958,77.8591
73.3439,77.9931
74.211,78.1246
75.0975,78.2533
76.0035,78.3791
76.9293,78.5021
77.875,78.622
78.8407,78.7388
79.8265,78.8524
80.8324,78.9626
81.8584,79.0695
82.9044,79.1728
83.9704,79.2724
85.0561,79.3683
86.1613,79.4604
87.2856,79.5485
88.4287,79.6326
89.5901,79.7124
90.7693,79.7881
91.9657,79.8593
93.1786,79.9262
94.4072,79.9884
95.6507,80.0461
96.9081,80.099
98.1785,80.1472
99.4608,80.1904
100.7539,80.2288
102.0565,80.2621
103.3675,80.2905
104.6855,80.3137
106.0091,80.3318
107.337,80.3448
108.6678,80.3525
110,80.3551
111.3322,80.3525
112.663,80.3448
113.9909,80.3318
115.3145,80.3137
116.6325,80.2905
117.9435,80.2621
119.2461,80.2288
120.5392,80.1904
121.8215,80.1472
123.0919,80.099
124.3493,80.0461
125.5928,79.9884
126.8214,79.9262
128.0343,79.8593
129.2307,79.7881
130.4099,79.7124
131.5713,79.6326
132.7144,79.5485
133.8387,79.4604
134.9439,79.3683
136.0296,79.2724
137.0956,79.1728
138.1416,79.0695
139.1676,78.9626
140.1735,78.8524
141.1593,78.7388
142.125,78.622
143.0707,78.5021
143.9965,78.3791
144.9025,78.2533
145.789,78.1246
146.6561,77.9931
147.5042,77.8591
148.3333,77.7225
149.144,77.5834
149.9364,77.442
150.7108,77.2982
151.4677,77.1523
152.2073,77.0042
152.93,76.8541
153.6361,76.702
154.326,76.548
155,76.3921
155.6585,76.2345
156.3019,76.0752
156.9306,75.9142
157.5448,75.7516
158.145,75.5876
158.7314,75.422
159.3045,75.255
159.8645,75.0867
160.4119,74.9171
160.9469,74.7462
161.4698,74.574
161.9811,74.4008
162.4809,74.2263
162.9696,74.0508
163.4475,73.8743
163.9149,73.6967
164.3721,73.5182
164.8193,73.3388
165.2568,73.1584
165.6849,72.9772
166.1038,72.7952
166.5138,72.6123
166.9151,72.4287
167.308,72.2444
167.6927,72.0593
168.0693,71.8736
168.4382,71.6872
168.7995,71.5001
169.1534,71.3125
169.5002,71.1243
169.8399,70.9355
170.1729,70.7462
170.4993,70.5563
170.8192,70.366
171.1328,70.1751
171.4404,69.9838
171.742,69.7921
178.2901,64.304
178.471,64.1054
178.649,63.9067
178.8242,63.708
178.9968,63.5091
179.1666,63.3102
179.3339,63.1113
179.4986,62.9122
179.6608,62.7132
179.8205,62.5141
179.9779,62.3149
180.1329,62.1158
180.2857,61.9166
180.4362,61.7174
180.5845,61.5182
180.7307,61.319
44.1791,66.1961
44.3994,66.3924
44.6236,66.5885
44.8516,66.7844
45.3197,67.1754
45.56,67.3705
45.8045,67.5654
46.0535,67.76
46.307,67.9544
46.565,68.1484
46.8279,68.3421
47.0955,68.5355
47.3682,68.7285
47.646,68.9212
47.929,69.1135
48.2173,69.3054
48.5112,69.4969
48.8108,69.688
49.1161,69.8787
49.4275,70.0689
49.7449,70.2586
50.0686,70.4478
50.3987,70.6365
50.7355,70.8247
51.079,71.0123
51.4296,71.1993
51.7872,71.3857
55.8033,73.211
56.2538,73.389
56.7142,73.566
57.1847,73.7421
58.1572,74.091
58.6598,74.2639
59.1736,74.4356
59.6991,74.6061
60.2364,74.7753
60.7858,74.9433
61.3478,75.1099
61.9225,75.2752
62.5104,75.439
63.1118,75.6013
66.3322,76.3885
68.4474,76.839
69.1849,76.9851
69.9392,77.1291
70.7106,77.2709
71.4993,77.4103
72.3058,77.5474
73.1301,77.682
73.9726,77.814
74.8336,77.9435
75.7131,78.0701
76.6115,78.194
77.5288,78.3149
78.4652,78.4329
79.4208,78.5477
80.3955,78.6593
81.3895,78.7676
82.4027,78.8726
83.4349,78.974
84.4861,79.0718
85.556,79.1658
86.6444,79.2561
87.751,79.3425
88.8753,79.4249
90.0169,79.5032
91.1753,79.5772
92.3499,79.647
93.54,79.7124
94.7449,79.7734
98.4399,79.9286
99.6952,79.971
100.9605,80.0085
102.2348,80.0411
103.5169,80.0687
104.8056,80.0914
106.0995,80.1091
107.3974,80.1218
108.698,80.1294
110,80.1319
111.3019,80.1294
112.6026,80.1218
113.9005,80.1091
115.1944,80.0914
116.4831,80.0687
117.7652,80.0411
119.0395,80.0085
120.3048,79.971
121.5601,79.9286
122.8043,79.8816
124.0362,79.8298
125.2551,79.7734
126.46,79.7124
127.6501,79.647
128.8247,79.5772
129.9831,79.5032
131.1247,79.4249
132.249,79.3425
133.3556,79.2561
134.444,79.1658
135.5139,79.0718
136.565,78.974
137.5973,78.8726
138.6105,78.7676
139.6045,78.6593
140.5792,78.5477
141.5348,78.4329
142.4712,78.3149
143.3885,78.194
144.2869,78.0701
145.1664,77.9435
146.0274,77.814
146.8699,77.682
147.6942,77.5474
148.5007,77.4103
149.2894,77.2709
150.0608,77.1291
150.8151,76.9851
151.5526,76.839
152.2737,76.6908
152.9786,76.5406
153.6678,76.3885
154.3415,76.2345
155,76.0787
155.6438,75.9212
156.273,75.7621
156.8882,75.6013
157.4895,75.439
158.0775,75.2752
158.6522,75.1099
159.2142,74.9433
159.7636,74.7753
160.3009,74.6061
160.8263,74.4356
161.3402,74.2639
161.8428,74.091
162.3344,73.9171
162.8153,73.7421
163.2858,73.566
163.7462,73.389
164.1967,73.211
164.6375,73.0321
165.0691,72.8523
165.4915,72.6716
165.905,72.4902
166.3099,72.3079
166.7064,72.1249
167.0948,71.9411
167.4751,71.7567
167.8477,71.5715
168.2128,71.3857
168.5704,71.1993
168.921,71.0123
169.2645,70.8247
169.6013,70.6365
169.9314,70.4478
170.2551,70.2586
170.5725,70.0689
170.8839,69.8787
177.6468,64.422
177.8336,64.2242
178.0176,64.0263
178.725,63.2338
179.2278,62.6386
179.3903,62.4402
179.5504,62.2416
179.7082,62.0431
179.8637,61.8445
180.0169,61.6459
180.1679,61.4473
180.3167,61.2486
45.5815,66.8876
45.821,67.0822
46.0647,67.2764
46.3126,67.4704
46.565,67.6641
46.822,67.8575
47.0835,68.0506
47.3499,68.2433
47.6211,68.4358
47.8973,68.6278
48.1786,68.8195
48.4652,69.0108
48.7571,69.2017
49.0546,69.3921
49.3577,69.5822
49.6667,69.7717
49.9816,69.9608
50.3027,70.1494
50.63,70.3375
50.9638,70.5251
51.3041,70.7121
51.6513,70.8985
52.0054,71.0843
52.3666,71.2695
52.7352,71.454
53.1113,71.6379
55.112,72.5462
55.5377,72.7255
55.9724,72.9039
56.4164,73.0813
56.8699,73.2579
57.3332,73.4334
57.8065,73.608
58.2902,73.7815
58.7844,73.9539
59.2894,74.1251
59.8056,74.2952
60.3331,74.4641
60.8724,74.6317
61.4237,74.798
61.9872,74.963
62.5633,75.1265
63.1524,75.2886
63.7546,75.4492
64.3704,75.6082
65,75.7655
65.6437,75.9212
66.3019,76.0752
66.9749,76.2273
69.0856,76.6722
69.8208,76.8164
70.5722,76.9584
71.3402,77.0982
72.125,77.2357
72.9269,77.3709
73.7462,77.5035
74.5829,77.6336
75.4375,77.7611
76.3099,77.8858
77.2005,78.0077
78.1092,78.1267
79.0362,78.2427
79.9816,78.3556
80.9454,78.4653
81.9275,78.5717
82.9279,78.6747
83.9465,78.7743
84.9831,78.8703
86.0375,78.9626
87.1094,79.0512
88.1986,79.1359
89.3045,79.2167
90.4269,79.2934
91.565,79.366
92.7185,79.4343
93.8866,79.4984
97.4712,79.6639
99.9194,79.7514
101.1582,79.7881
102.4053,79.82
103.6598,79.847
104.9204,79.8692
106.1859,79.8865
107.4552,79.8989
108.727,79.9063
110,79.9088
111.273,79.9063
112.5448,79.8989
113.8141,79.8865
115.0796,79.8692
116.3402,79.847
117.5946,79.82
118.8418,79.7881
120.0806,79.7514
121.3099,79.71
122.5288,79.6639
123.7363,79.6133
124.9314,79.5581
126.1134,79.4984
127.2815,79.4343
128.435,79.366
129.5731,79.2934
130.6954,79.2167
131.8014,79.1359
132.8905,79.0512
133.9625,78.9626
135.0169,78.8703
136.0535,78.7743
137.0721,78.6747
138.0725,78.5717
139.0546,78.4653
140.0184,78.3556
140.9638,78.2427
141.8908,78.1267
142.7995,78.0077
143.6901,77.8858
144.5625,77.7611
145.4171,77.6336
146.2538,77.5035
147.0731,77.3709
147.875,77.2357
148.6598,77.0982
149.4278,76.9584
150.1792,76.8164
150.9144,76.6722
151.6335,76.5259
152.337,76.3775
153.0251,76.2273
153.698,76.0752
154.3563,75.9212
155,75.7655
155.6296,75.6082
156.2454,75.4492
156.8476,75.2886
157.4366,75.1265
158.0128,74.963
158.5763,74.798
159.1276,74.6317
159.6669,74.4641
160.1944,74.2952
160.7106,74.1251
161.2156,73.9539
161.7098,73.7815
162.1935,73.608
162.6668,73.4334
163.1301,73.2579
163.5836,73.0813
164.0276,72.9039
164.4623,72.7255
164.888,72.5462
165.3048,72.3661
165.7131,72.1852
166.113,72.0035
166.5048,71.8211
166.8887,71.6379
167.2648,71.454
167.6334,71.2695
167.9946,71.0843
168.3487,70.8985
168.6959,70.7121
169.0362,70.5251
169.37,70.3375
169.6973,70.1494
170.0184,69.9608
170.3333,69.7717
170.6422,69.5822
170.9454,69.3921
176.8014,64.7337
176.9974,64.5369
177.3801,64.1428
177.567,63.9456
179.1254,62.1669
179.2858,61.9689
179.444,61.771
179.5998,61.573
179.7534,61.3749
179.9048,61.1769
46.0754,66.7936
46.3181,66.9873
46.565,67.1806
46.8163,67.3737
47.0721,67.5665
47.3324,67.759
47.5973,67.9511
47.867,68.1429
48.1416,68.3343
48.4212,68.5254
48.7059,68.716
48.996,68.9063
49.5923,69.2856
49.8989,69.4745
50.2113,69.663
50.5297,69.851
50.8542,70.0385
51.185,70.2254
51.5222,70.4118
51.866,70.5976
52.2165,70.7828
52.5741,70.9674
52.9387,71.1514
53.3106,71.3347
55.2867,72.2402
55.7067,72.419
56.1354,72.5968
56.573,72.7738
57.0199,72.9498
57.4762,73.1249
57.9422,73.299
58.418,73.472
58.9041,73.644
59.4007,73.8149
59.9079,73.9846
60.4261,74.1531
60.9555,74.3204
61.4965,74.4864
62.0492,74.651
62.6141,74.8143
63.1913,74.9761
63.7811,75.1365
64.3839,75.2953
65,75.4526
65.6296,75.6082
66.273,75.7621
66.9306,75.9142
67.6026,76.0645
68.2892,76.2129
68.9909,76.3594
69.7078,76.5038
70.4403,76.6461
71.1886,76.7863
71.9529,76.9242
72.7336,77.0598
73.5308,77.193
74.3447,77.3237
75.1755,77.4519
76.0235,77.5774
76.8886,77.7002
77.7712,77.8202
78.6713,77.9373
79.5889,78.0514
80.5241,78.1624
81.4769,78.2702
82.4472,78.3748
83.4349,78.4761
84.44,78.5739
85.4623,78.6681
86.5014,78.7588
87.5572,78.8457
88.6294,78.9288
89.7174,79.008
90.821,79.0832
91.9395,79.1543
93.0725,79.2213
94.2192,79.2841
100.1342,79.5318
101.3475,79.5677
102.5686,79.5989
103.7965,79.6253
105.0303,79.647
106.2686,79.6639
107.5104,79.6761
108.7546,79.6833
110,79.6857
111.2454,79.6833
112.4896,79.6761
113.7314,79.6639
114.9697,79.647
116.2034,79.6253
117.4314,79.5989
118.6525,79.5677
119.8658,79.5318
121.0702,79.4913
122.2648,79.4462
123.4486,79.3966
124.6209,79.3425
125.7808,79.2841
126.9275,79.2213
128.0605,79.1543
129.179,79.0832
130.2826,79.008
131.3706,78.9288
132.4427,78.8457
133.4986,78.7588
134.5377,78.6681
135.56,78.5739
136.565,78.4761
137.5528,78.3748
138.5231,78.2702
139.4759,78.1624
140.4111,78.0514
141.3287,77.9373
142.2287,77.8202
143.1113,77.7002
143.9765,77.5774
144.8245,77.4519
145.6553,77.3237
146.4692,77.193
147.2664,77.0598
148.047,76.9242
148.8114,76.7863
149.5597,76.6461
150.2921,76.5038
151.0091,76.3594
151.7108,76.2129
152.3974,76.0645
153.0694,75.9142
153.727,75.7621
154.3704,75.6082
155,75.4526
155.6161,75.2953
156.2189,75.1365
156.8087,74.9761
157.3859,74.8143
157.9508,74.651
158.5035,74.4864
159.0445,74.3204
159.5739,74.1531
160.0921,73.9846
160.5993,73.8149
161.0959,73.644
161.5819,73.472
162.0578,73.299
162.5238,73.1249
162.9801,72.9498
163.427,72.7738
163.8646,72.5968
164.2933,72.419
164.7132,72.2402
165.1247,72.0607
165.5278,71.8803
165.9228,71.6992
166.3099,71.5173
166.6894,71.3347
167.0613,71.1514
167.4259,70.9674
167.7834,70.7828
168.134,70.5976
168.4778,70.4118
168.815,70.2254
169.1458,70.0385
169.4703,69.851
169.7887,69.663
170.1011,69.4745
170.4077,69.2856
170.7086,69.0962
171.004,68.9063
176.1398,64.8446
176.342,64.6486
176.541,64.4525
178.7027,62.0907
178.8658,61.8934
179.0265,61.696
179.1849,61.4986
179.3411,61.3012
179.495,61.1037
46.565,66.698
46.811,66.8907
47.0611,67.0832
47.3156,67.2754
47.5746,67.4672
47.8381,67.6587
48.1063,67.8499
48.3792,68.0407
48.6571,68.2312
48.94,68.4212
49.228,68.6109
49.5214,68.8001
49.8201,68.9889
50.1243,69.1773
50.4342,69.3652
50.75,69.5525
51.0716,69.7394
51.3995,69.9258
51.7335,70.1116
52.074,70.2968
52.4211,70.4814
52.7749,70.6654
53.1356,70.8488
53.5034,71.0315
53.8785,71.2136
55.4555,71.9344
55.8698,72.1126
56.2926,72.2899
56.7241,72.4664
57.1645,72.642
57.614,72.8166
58.0728,72.9902
58.5412,73.1628
59.0194,73.3343
59.5077,73.5048
60.0062,73.6741
60.5154,73.8423
61.0353,74.0092
61.5664,74.1749
62.1087,74.3392
62.6627,74.5023
63.2285,74.6639
63.8065,74.824
64.3969,74.9827
65,75.1398
65.6161,75.2953
66.2454,75.4492
66.8882,75.6013
67.5448,75.7516
68.2155,75.9001
68.9005,76.0467
69.6001,76.1914
70.3145,76.3339
71.0441,76.4744
71.789,76.6127
72.5494,76.7487
73.3257,76.8825
74.1179,77.0138
74.9262,77.1426
75.751,77.2689
76.5922,77.3925
77.45,77.5135
78.3245,77.6316
79.2159,77.7468
80.124,77.8591
81.049,77.9683
81.9908,78.0743
82.9494,78.1771
83.9246,78.2766
84.9164,78.3727
85.9245,78.4653
86.9487,78.5542
87.9887,78.6395
89.0442,78.7211
90.1148,78.7988
91.2001,78.8726
92.2996,78.9423
93.4127,79.008
94.5388,79.0695
95.6773,79.1267
99.1597,79.2724
100.3401,79.3121
101.5289,79.3472
102.725,79.3777
103.9275,79.4036
105.1355,79.4249
106.3478,79.4415
107.5633,79.4533
108.7811,79.4604
110,79.4628
111.2189,79.4604
112.4366,79.4533
113.6522,79.4415
114.8645,79.4249
116.0725,79.4036
117.275,79.3777
118.4711,79.3472
119.6599,79.3121
120.8403,79.2724
122.0115,79.2283
123.1725,79.1797
124.3227,79.1267
125.4612,79.0695
126.5873,79.008
127.7004,78.9423
128.7999,78.8726
129.8852,78.7988
130.9558,78.7211
132.0113,78.6395
133.0513,78.5542
134.0755,78.4653
135.0836,78.3727
136.0753,78.2766
137.0506,78.1771
138.0092,78.0743
138.951,77.9683
139.876,77.8591
140.7841,77.7468
141.6755,77.6316
142.55,77.5135
143.4078,77.3925
144.249,77.2689
145.0737,77.1426
145.8821,77.0138
146.6743,76.8825
147.4506,76.7487
148.211,76.6127
148.9559,76.4744
149.6855,76.3339
150.3999,76.1914
151.0995,76.0467
151.7845,75.9001
152.4552,75.7516
153.1118,75.6013
153.7546,75.4492
154.3839,75.2953
155,75.1398
155.6031,74.9827
156.1935,74.824
156.7715,74.6639
157.3373,74.5023
157.8913,74.3392
158.4336,74.1749
158.9647,74.0092
159.4846,73.8423
159.9937,73.6741
160.4923,73.5048
160.9806,73.3343
161.4588,73.1628
161.9272,72.9902
162.386,72.8166
162.8355,72.642
163.2759,72.4664
163.7074,72.2899
164.1302,72.1126
164.5445,71.9344
164.9506,71.7553
165.3487,71.5755
165.7389,71.3949
166.1215,71.2136
166.4966,71.0315
166.8644,70.8488
167.2251,70.6654
167.5789,70.4814
167.926,70.2968
168.2665,70.1116
168.6006,69.9258
168.9283,69.7394
169.25,69.5525
169.5658,69.3652
169.8757,69.1773
170.1799,68.9889
170.4786,68.8001
178.1142,62.2097
178.2824,62.0131
178.4481,61.8164
178.6114,61.6196
178.7723,61.4228
178.931,61.226
179.0875,61.0292
47.2996,66.7926
47.5528,66.9842
47.8104,67.1754
48.0725,67.3663
48.3391,67.5569
48.6105,67.7471
48.8866,67.9369
49.1676,68.1264
49.4537,68.3154
49.7449,68.5041
50.0414,68.6923
50.3432,68.88
50.6507,69.0673
50.9638,69.2541
51.2826,69.4404
51.6075,69.6261
51.9384,69.8113
52.2756,69.996
52.6192,70.18
52.9694,70.3635
53.3263,70.5463
53.6901,70.7285
54.0609,70.91
55.6185,71.6286
56.0274,71.8063
56.4444,71.9831
56.8699,72.1591
57.3039,72.3342
57.7468,72.5084
58.1987,72.6815
58.6598,72.8537
59.1304,73.0248
59.6107,73.1949
60.1009,73.3639
60.6013,73.5316
61.1121,73.6982
61.6335,73.8636
62.1659,74.0277
62.7094,74.1905
63.2643,74.3518
63.8309,74.5118
64.4093,74.6703
65,74.8273
65.6031,74.9827
66.2189,75.1365
66.8476,75.2886
67.4895,75.439
68.145,75.5876
68.8141,75.7343
69.4972,75.8791
70.1944,76.0219
70.9061,76.1627
71.6325,76.3013
72.3738,76.4378
73.1301,76.572
73.9017,76.7039
74.6888,76.8333
75.4915,76.9603
76.3099,77.0848
77.1443,77.2066
77.9946,77.3257
78.861,77.442
79.7436,77.5554
80.6422,77.6658
81.5571,77.7733
82.488,77.8775
83.4349,77.9786
84.3978,78.0764
85.3764,78.1708
86.3706,78.2617
87.3801,78.3491
88.4047,78.4329
89.444,78.5129
90.4976,78.5892
91.565,78.6615
92.646,78.7299
93.7398,78.7943
94.8459,78.8546
95.9638,78.9108
97.0926,78.9626
99.3803,79.0535
100.5377,79.0923
101.7029,79.1267
102.875,79.1566
104.0531,79.182
105.2364,79.2028
106.4237,79.219
107.6141,79.2306
108.8065,79.2376
110,79.2399
111.1935,79.2376
112.3859,79.2306
113.5763,79.219
114.7636,79.2028
115.9469,79.182
117.125,79.1566
118.2971,79.1267
119.4623,79.0923
120.6197,79.0535
121.7683,79.0102
122.9074,78.9626
124.0362,78.9108
125.1541,78.8546
126.2602,78.7943
127.354,78.7299
128.435,78.6615
129.5024,78.5892
130.556,78.5129
131.5953,78.4329
132.6199,78.3491
133.6294,78.2617
134.6236,78.1708
135.6022,78.0764
136.565,77.9786
137.512,77.8775
138.4429,77.7733
139.3577,77.6658
140.2564,77.5554
141.139,77.442
142.0054,77.3257
142.8557,77.2066
143.6901,77.0848
144.5085,76.9603
145.3112,76.8333
146.0983,76.7039
146.8699,76.572
147.6262,76.4378
148.3675,76.3013
149.0939,76.1627
149.8056,76.0219
150.5028,75.8791
151.1859,75.7343
151.855,75.5876
152.5105,75.439
153.1524,75.2886
153.7811,75.1365
154.3969,74.9827
155,74.8273
155.5907,74.6703
156.1691,74.5118
156.7357,74.3518
157.2906,74.1905
157.8341,74.0277
158.3665,73.8636
158.8879,73.6982
159.3987,73.5316
159.8991,73.3639
160.3893,73.1949
160.8696,73.0248
161.3402,72.8537
161.8013,72.6815
162.2532,72.5084
162.696,72.3342
163.1301,72.1591
163.5556,71.9831
163.9726,71.8063
164.3815,71.6286
164.7824,71.4501
165.1755,71.2708
165.561,71.0907
165.9391,70.91
166.3099,70.7285
166.6737,70.5463
167.0306,70.3635
167.3808,70.18
167.7243,69.996
168.0616,69.8113
168.3925,69.6261
168.7173,69.4404
169.0362,69.2541
169.3493,69.0673
169.6567,68.88
169.9586,68.6923
175.2249,64.6682
177.5206,62.3259
177.6938,62.13
177.8645,61.934
178.0328,61.738
178.1986,61.5419
178.3621,61.3457
178.5232,61.1495
49.1098,67.6426
49.389,67.8315
49.6731,68.0199
49.9622,68.208
50.2564,68.3956
50.556,68.5827
50.8609,68.7694
51.1713,68.9556
51.4875,69.1413
51.8094,69.3265
52.1372,69.5111
52.4712,69.6952
52.8114,69.8787
53.1579,70.0616
53.511,70.2438
53.8708,70.4255
54.2375,70.6064
54.6111,70.7866
55.7761,71.3229
56.1796,71.5001
56.5911,71.6765
57.0107,71.852
57.4386,72.0266
57.875,72.2003
58.3201,72.3731
58.7742,72.5448
59.2374,72.7155
59.7099,72.8852
60.192,73.0538
60.684,73.2212
61.1859,73.3875
61.6981,73.5526
62.2208,73.7164
62.7542,73.8789
63.2986,74.04
63.8542,74.1998
64.4213,74.3581
65,74.515
65.5907,74.6703
66.1935,74.824
66.8087,74.9761
67.4366,75.1265
68.0775,75.2752
68.7314,75.422
69.3987,75.567
70.0796,75.71
70.7743,75.851
71.4831,75.99
72.2061,76.1269
72.9435,76.2615
73.6955,76.394
74.4623,76.524
75.2441,76.6517
76.0409,76.7769
76.853,76.8995
77.6804,77.0195
78.5232,77.1368
79.3814,77.2513
80.2551,77.363
81.1443,77.4717
82.049,77.5774
82.9691,77.68
83.9046,77.7794
84.8552,77.8755
85.8209,77.9683
86.8014,78.0576
87.7965,78.1435
88.8059,78.2257
89.8293,78.3043
90.8664,78.3791
91.9165,78.4501
92.9795,78.5173
94.0546,78.5804
95.1414,78.6395
96.2392,78.6946
97.3474,78.7455
98.4654,78.7921
99.5923,78.8345
100.7274,78.8726
101.8699,78.9062
104.1737,78.9604
105.3331,78.9808
106.4965,78.9966
107.6627,79.008
108.8309,79.0148
110,79.0171
111.1691,79.0148
112.3373,79.008
113.5035,78.9966
114.6669,78.9808
115.8263,78.9604
116.981,78.9355
118.1301,78.9062
119.2726,78.8726
120.4077,78.8345
121.5346,78.7921
122.6526,78.7455
123.7608,78.6946
124.8586,78.6395
125.9454,78.5804
127.0205,78.5173
128.0835,78.4501
129.1336,78.3791
130.1707,78.3043
131.1941,78.2257
132.2035,78.1435
133.1986,78.0576
134.1791,77.9683
135.1448,77.8755
136.0954,77.7794
137.0309,77.68
137.951,77.5774
138.8557,77.4717
139.7449,77.363
140.6186,77.2513
141.4768,77.1368
142.3196,77.0195
143.147,76.8995
143.9591,76.7769
144.7559,76.6517
145.5377,76.524
146.3045,76.394
147.0565,76.2615
147.7939,76.1269
148.5169,75.99
149.2257,75.851
149.9204,75.71
150.6013,75.567
151.2686,75.422
151.9225,75.2752
152.5634,75.1265
153.1913,74.9761
153.8065,74.824
154.4093,74.6703
155,74.515
155.5787,74.3581
156.1458,74.1998
156.7014,74.04
157.2457,73.8789
157.7792,73.7164
158.3019,73.5526
158.8141,73.3875
159.316,73.2212
159.808,73.0538
160.2901,72.8852
160.7626,72.7155
161.2258,72.5448
161.6799,72.3731
162.125,72.2003
162.5614,72.0266
162.9893,71.852
163.4089,71.6765
163.8204,71.5001
164.2239,71.3229
164.6197,71.1449
165.008,70.9662
165.3889,70.7866
165.7625,70.6064
166.1292,70.4255
166.489,70.2438
166.8421,70.0616
167.1886,69.8787
167.5288,69.6952
167.8627,69.5111
168.1906,69.3265
168.5125,69.1413
168.8286,68.9556
177.1001,62.2442
177.2759,62.0489
177.4491,61.8536
177.6199,61.6582
177.7882,61.4627
177.9541,61.2672
178.1177,61.0716
50.4655,68.0989
50.7627,68.2854
51.0652,68.4716
51.373,68.6572
51.6864,68.8423
52.0054,69.0269
52.3302,69.211
52.6609,69.3945
52.9977,69.5774
53.3407,69.7598
53.6901,69.9415
54.0459,70.1225
54.4085,70.3029
54.7778,70.4827
55.1542,70.6617
56.3268,71.1941
56.7328,71.37
57.1467,71.5451
57.5686,71.7192
57.9987,71.8925
58.4373,72.0648
58.8845,72.2361
59.3405,72.4064
59.8056,72.5757
60.2799,72.7439
60.7636,72.911
61.257,73.077
61.7603,73.2417
62.2737,73.4053
62.7974,73.5675
63.3317,73.7285
63.8767,73.888
64.4327,74.0462
65,74.2029
65.5787,74.3581
66.1691,74.5118
66.7715,74.6639
67.3859,74.8143
68.0128,74.963
68.6522,75.1099
69.3045,75.255
69.9697,75.3983
70.6482,75.5396
71.3402,75.6789
72.0458,75.8161
72.7652,75.9512
73.4986,76.0841
74.2461,76.2147
75.008,76.343
75.7843,76.4689
76.5752,76.5923
77.3808,76.7132
78.2011,76.8314
79.0362,76.947
79.8863,77.0598
80.7512,77.1697
81.631,77.2767
82.5256,77.3807
83.4349,77.4816
84.359,77.5794
85.2976,77.6739
86.2505,77.7651
87.2176,77.8529
88.1986,77.9373
89.1932,78.0181
90.2011,78.0952
91.222,78.1687
92.2553,78.2384
93.3008,78.3043
94.3577,78.3663
95.4258,78.4243
96.5043,78.4782
97.5926,78.5281
98.6901,78.5739
99.796,78.6154
100.9097,78.6527
105.4261,78.7588
106.5664,78.7743
107.7094,78.7854
108.8542,78.7921
110,78.7943
111.1458,78.7921
112.2906,78.7854
113.4336,78.7743
114.5739,78.7588
115.7106,78.7388
116.8428,78.7145
117.9696,78.6858
119.0903,78.6527
120.204,78.6154
121.3099,78.5739
122.4074,78.5281
123.4957,78.4782
124.5742,78.4243
125.6422,78.3663
126.6992,78.3043
127.7447,78.2384
128.778,78.1687
129.7989,78.0952
130.8068,78.0181
131.8014,77.9373
132.7824,77.8529
133.7495,77.7651
134.7024,77.6739
135.641,77.5794
136.565,77.4816
137.4744,77.3807
138.369,77.2767
139.2488,77.1697
140.1137,77.0598
140.9638,76.947
141.7989,76.8314
142.6192,76.7132
143.4248,76.5923
144.2157,76.4689
144.992,76.343
145.7539,76.2147
146.5014,76.0841
147.2348,75.9512
147.9542,75.8161
148.6598,75.6789
149.3517,75.5396
150.0303,75.3983
150.6955,75.255
151.3478,75.1099
151.9872,74.963
152.6141,74.8143
153.2285,74.6639
153.8309,74.5118
154.4213,74.3581
155,74.2029
155.5673,74.0462
156.1233,73.888
156.6683,73.7285
157.2026,73.5675
157.7263,73.4053
158.2397,73.2417
158.743,73.077
159.2364,72.911
159.7201,72.7439
160.1944,72.5757
160.6595,72.4064
161.1155,72.2361
161.5627,72.0648
162.0013,71.8925
162.4314,71.7192
162.8533,71.5451
163.2672,71.37
163.6732,71.1941
164.0715,71.0174
164.4623,70.8399
164.8458,70.6617
165.2222,70.4827
165.5915,70.3029
165.9541,70.1225
166.3099,69.9415
166.6593,69.7598
167.0023,69.5774
167.3391,69.3945
176.5014,62.3555
176.6823,62.161
176.8605,61.9664
177.0362,61.7718
177.2094,61.577
177.3801,61.3822
177.5484,61.1873
51.569,68.3588
51.8796,68.5433
52.1957,68.7274
52.5175,68.9109
52.8451,69.0938
53.1785,69.2762
53.518,69.458
53.8637,69.6392
54.2157,69.8197
54.5742,69.9996
54.9393,70.1788
55.3112,70.3573
55.6901,70.535
56.076,70.7121
56.8699,71.0637
57.2782,71.2383
57.6942,71.412
58.1183,71.5848
58.5505,71.7567
58.991,71.9276
59.44,72.0975
59.8978,72.2664
60.3645,72.4343
60.8404,72.6011
61.3255,72.7667
61.8202,72.9311
62.3246,73.0944
62.8389,73.2564
63.3634,73.4171
63.8983,73.5765
64.4437,73.7345
65,73.8911
65.5673,74.0462
66.1458,74.1998
66.7357,74.3518
67.3373,74.5023
67.9508,74.651
68.5763,74.798
69.2142,74.9433
69.8645,75.0867
70.5275,75.2282
71.2034,75.3678
71.8924,75.5054
72.5946,75.6409
73.3103,75.7742
74.0395,75.9054
74.7824,76.0343
75.5392,76.1609
76.3099,76.285
77.0947,76.4067
77.8937,76.5259
78.7069,76.6424
79.5344,76.7562
80.3763,76.8673
81.2323,76.9756
82.1027,77.0809
82.9873,77.1833
83.8861,77.2826
84.7989,77.3787
85.7256,77.4717
86.666,77.5614
87.6199,77.6477
88.587,77.7306
89.5672,77.81
90.56,77.8858
91.565,77.9579
92.582,78.0264
93.6105,78.091
94.6499,78.1519
95.6997,78.2088
96.7595,78.2617
97.8285,78.3107
98.9063,78.3556
99.992,78.3963
101.0851,78.4329
103.2902,78.4934
105.5154,78.5368
106.6335,78.5521
107.7542,78.563
108.8767,78.5695
110,78.5717
111.1233,78.5695
112.2457,78.563
113.3665,78.5521
114.4846,78.5368
115.5993,78.5173
116.7098,78.4934
117.8153,78.4653
118.9149,78.4329
120.008,78.3963
121.0937,78.3556
122.1715,78.3107
123.2405,78.2617
124.3003,78.2088
125.3501,78.1519
126.3895,78.091
127.418,78.0264
128.435,77.9579
129.44,77.8858
130.4328,77.81
131.413,77.7306
132.3801,77.6477
133.334,77.5614
134.2744,77.4717
135.2011,77.3787
136.1139,77.2826
137.0127,77.1833
137.8973,77.0809
138.7677,76.9756
139.6237,76.8673
140.4655,76.7562
141.293,76.6424
142.1063,76.5259
142.9052,76.4067
143.6901,76.285
144.4608,76.1609
145.2176,76.0343
145.9605,75.9054
146.6897,75.7742
147.4053,75.6409
148.1076,75.5054
148.7966,75.3678
149.4725,75.2282
150.1355,75.0867
150.7858,74.9433
151.4237,74.798
152.0492,74.651
152.6627,74.5023
153.2643,74.3518
153.8542,74.1998
154.4327,74.0462
155,73.8911
155.5563,73.7345
156.1017,73.5765
156.6366,73.4171
157.1611,73.2564
157.6754,73.0944
158.1798,72.9311
158.6745,72.7667
159.1596,72.6011
159.6355,72.4343
160.1022,72.2664
160.5599,72.0975
161.009,71.9276
161.4495,71.7567
161.8817,71.5848
162.3058,71.412
162.7218,71.2383
163.1301,71.0637
163.5308,70.8883
163.924,70.7121
164.3099,70.535
164.6888,70.3573
165.0607,70.1788
165.4258,69.9996
165.7843,69.8197
166.1363,69.6392
166.482,69.458
176.2671,62.0765
176.4477,61.8826
176.6258,61.6886
176.8014,61.4945
176.9745,61.3004
177.1452,61.1061
52.3807,68.4279
52.6995,68.6109
53.0239,68.7933
53.354,68.9751
53.6901,69.1564
54.0321,69.337
54.3803,69.517
54.7349,69.6964
55.0958,69.8751
55.4634,70.0531
55.8376,70.2303
56.2188,70.4068
56.6071,70.5826
57.0025,70.7575
57.4054,70.9316
57.8157,71.1049
58.2338,71.2773
58.6598,71.4488
59.0939,71.6193
59.5362,71.7888
59.9869,71.9574
60.4462,72.1249
60.9144,72.2913
61.3915,72.4566
61.8779,72.6208
62.3736,72.7838
62.8789,72.9455
63.394,73.106
63.9191,73.2652
64.4543,73.423
65,73.5795
65.5562,73.7345
66.1233,73.888
66.7013,74.04
67.2906,74.1905
67.8913,74.3392
68.5035,74.4864
69.1276,74.6317
69.7636,74.7753
70.4119,74.9171
71.0724,75.0569
71.7456,75.1948
72.4314,75.3307
73.1301,75.4645
73.8418,75.5961
74.5667,75.7256
75.3048,75.8528
76.0564,75.9776
76.8215,76.1001
77.6002,76.2201
78.3925,76.3376
79.1985,76.4524
80.0184,76.5646
80.8519,76.674
81.6992,76.7806
82.5603,76.8844
83.4349,76.9851
84.3232,77.0828
85.2249,77.1775
86.1398,77.2689
87.0679,77.3571
88.0089,77.442
88.9625,77.5234
89.9285,77.6014
90.9065,77.6759
91.8962,77.7468
92.8973,77.814
93.9092,77.8775
94.9315,77.9373
95.9638,77.9931
97.0054,78.0451
98.0558,78.0931
99.1145,78.1372
100.1807,78.1771
101.2538,78.213
102.3332,78.2448
103.4181,78.2724
104.5077,78.2958
105.6013,78.3149
106.6981,78.3299
107.7974,78.3406
108.8983,78.347
110,78.3491
111.1017,78.347
112.2026,78.3406
113.3019,78.3299
114.3987,78.3149
115.4923,78.2958
116.5819,78.2724
117.6668,78.2448
118.7462,78.213
119.8193,78.1771
120.8855,78.1372
121.9442,78.0931
122.9946,78.0451
124.0362,77.9931
125.0685,77.9373
126.0908,77.8775
127.1027,77.814
128.1038,77.7468
129.0935,77.6759
130.0715,77.6014
131.0375,77.5234
131.9911,77.442
132.9321,77.3571
133.8602,77.2689
134.7751,77.1775
135.6768,77.0828
136.565,76.9851
137.4397,76.8844
138.3008,76.7806
139.1481,76.674
139.9816,76.5646
140.8015,76.4524
141.6075,76.3376
142.3998,76.2201
143.1785,76.1001
143.9436,75.9776
144.6952,75.8528
145.4333,75.7256
146.1582,75.5961
146.8699,75.4645
147.5686,75.3307
148.2544,75.1948
148.9275,75.0569
149.5881,74.9171
150.2364,74.7753
150.8724,74.6317
151.4965,74.4864
152.1087,74.3392
152.7094,74.1905
153.2986,74.04
153.8767,73.888
154.4438,73.7345
155,73.5795
155.5457,73.423
156.0809,73.2652
156.606,73.106
157.1211,72.9455
157.6264,72.7838
158.1221,72.6208
158.6085,72.4566
159.0856,72.2913
159.5538,72.1249
160.0131,71.9574
160.4638,71.7888
160.9061,71.6193
161.3402,71.4488
161.7662,71.2773
162.1843,71.1049
162.5946,70.9316
162.9975,70.7575
163.3929,70.5826
163.7812,70.4068
164.1624,70.2303
164.5366,70.0531
164.9042,69.8751
165.2651,69.6964
165.6196,69.517
165.9679,69.337
175.6688,62.1837
175.8545,61.9906
176.0375,61.7974
176.218,61.6041
176.3959,61.4107
176.5713,61.2172
52.8763,68.311
53.1976,68.4928
53.5245,68.6741
53.8571,68.8549
54.1956,69.035
54.5401,69.2145
54.8907,69.3933
55.2476,69.5715
55.6108,69.749
55.9807,69.9258
56.3572,70.1018
56.7406,70.2771
57.1309,70.4516
57.5284,70.6252
57.9333,70.798
58.3456,70.97
58.7655,71.1411
59.1933,71.3112
59.629,71.4804
60.0729,71.6485
60.5251,71.8157
60.9858,71.9818
61.4552,72.1468
61.9335,72.3107
62.4208,72.4734
62.9174,72.6349
63.4234,72.7952
63.9391,72.9542
64.4645,73.1118
65,73.2681
65.5457,73.423
66.1017,73.5765
66.6683,73.7285
67.2457,73.8789
67.8341,74.0277
68.4336,74.1749
69.0445,74.3204
69.6669,74.4641
70.3009,74.6061
70.9469,74.7462
71.6048,74.8844
72.275,75.0206
72.9575,75.1548
73.6525,75.2869
74.3602,75.4169
75.0806,75.5447
75.8139,75.6702
76.5601,75.7934
77.3194,75.9142
78.0919,76.0325
78.8775,76.1483
79.6764,76.2615
80.4885,76.3721
81.3139,76.4799
82.1524,76.5849
83.0042,76.6871
83.869,76.7863
84.7468,76.8825
85.6375,76.9756
86.541,77.0655
87.4569,77.1523
88.3852,77.2357
89.3256,77.3159
90.2777,77.3925
91.2413,77.4658
92.2161,77.5354
93.2016,77.6014
94.1975,77.6638
95.2032,77.7225
96.2184,77.7773
97.2425,77.8284
98.2749,77.8755
99.3151,77.9187
100.3625,77.9579
101.4164,77.9931
102.4762,78.0243
103.5412,78.0514
104.6107,78.0743
105.684,78.0931
106.7603,78.1078
107.8389,78.1183
108.9191,78.1246
110,78.1267
111.0809,78.1246
112.1611,78.1183
113.2397,78.1078
114.316,78.0931
115.3893,78.0743
116.4588,78.0514
117.5238,78.0243
118.5836,77.9931
119.6375,77.9579
120.6849,77.9187
121.7251,77.8755
122.7575,77.8284
123.7816,77.7773
124.7968,77.7225
125.8025,77.6638
126.7984,77.6014
127.7839,77.5354
128.7587,77.4658
129.7223,77.3925
130.6744,77.3159
131.6148,77.2357
132.5431,77.1523
133.459,77.0655
134.3624,76.9756
135.2532,76.8825
136.131,76.7863
136.9958,76.6871
137.8476,76.5849
138.6862,76.4799
139.5115,76.3721
140.3236,76.2615
141.1225,76.1483
141.9081,76.0325
142.6806,75.9142
143.4399,75.7934
144.1861,75.6702
144.9194,75.5447
145.6398,75.4169
146.3475,75.2869
147.0425,75.1548
147.725,75.0206
148.3952,74.8844
149.0531,74.7462
149.6991,74.6061
150.3331,74.4641
150.9555,74.3204
151.5664,74.1749
152.1659,74.0277
152.7543,73.8789
153.3317,73.7285
153.8983,73.5765
154.4543,73.423
155,73.2681
155.5355,73.1118
156.0609,72.9542
156.5766,72.7952
157.0826,72.6349
157.5791,72.4734
158.0665,72.3107
158.5448,72.1468
159.0142,71.9818
159.4749,71.8157
159.9271,71.6485
160.371,71.4804
160.8067,71.3112
161.2345,71.1411
161.6544,70.97
162.0667,70.798
162.4716,70.6252
162.8691,70.4516
163.2594,70.2771
163.6428,70.1018
164.0193,69.9258
164.3891,69.749
164.7524,69.5715
165.1093,69.3933
175.4445,61.9033
175.6299,61.7108
175.8127,61.5182
175.9929,61.3255
176.1706,61.1326
53.6901,68.3733
54.0193,68.5535
54.3543,68.7331
54.6951,68.912
55.0419,69.0904
55.3948,69.2681
55.7539,69.4451
56.1193,69.6214
56.4913,69.7969
56.8699,69.9717
57.2553,70.1458
57.6476,70.319
58.047,70.4914
58.4537,70.6629
58.8678,70.8336
59.2894,71.0033
59.7188,71.1721
60.156,71.3399
60.6013,71.5067
61.0548,71.6725
61.5167,71.8372
61.9872,72.0008
62.4664,72.1632
62.9546,72.3245
63.4518,72.4846
63.9584,72.6434
64.4744,72.8009
65,72.957
65.5354,73.1118
66.0809,73.2652
66.6366,73.4171
67.2026,73.5675
67.7792,73.7164
68.3665,73.8636
68.9646,74.0092
69.5739,74.1531
70.1944,74.2952
70.8263,74.4356
71.4698,74.574
72.125,74.7106
72.7921,74.8452
73.4711,74.9778
74.1623,75.1083
74.8658,75.2366
75.5816,75.3628
76.3099,75.4866
77.0508,75.6082
77.8043,75.7273
78.5704,75.844
79.3493,75.9582
80.141,76.0698
80.9454,76.1788
81.7626,76.285
82.5924,76.3885
83.4349,76.4891
84.29,76.5868
85.1576,76.6815
86.0375,76.7731
86.9296,76.8617
87.8336,76.947
88.7495,77.0291
89.6769,77.1079
90.6155,77.1833
91.565,77.2552
92.5252,77.3237
93.4956,77.3886
94.4759,77.4499
95.4655,77.5075
96.4641,77.5614
97.4712,77.6115
98.4862,77.6578
99.5085,77.7002
100.5377,77.7387
101.573,77.7733
102.614,77.8038
103.6598,77.8304
104.7099,77.8529
105.7636,77.8714
106.8202,77.8858
107.8789,77.896
108.9391,77.9022
110,77.9043
111.0609,77.9022
112.1211,77.896
113.1798,77.8858
114.2364,77.8714
115.2901,77.8529
116.3402,77.8304
117.386,77.8038
118.427,77.7733
119.4623,77.7387
120.4915,77.7002
121.5138,77.6578
122.5288,77.6115
123.5359,77.5614
124.5344,77.5075
125.5241,77.4499
126.5044,77.3886
127.4748,77.3237
128.435,77.2552
129.3845,77.1833
130.3231,77.1079
131.2505,77.0291
132.1663,76.947
133.0704,76.8617
133.9625,76.7731
134.8424,76.6815
135.7099,76.5868
136.565,76.4891
137.4076,76.3885
138.2374,76.285
139.0546,76.1788
139.859,76.0698
140.6507,75.9582
141.4296,75.844
142.1957,75.7273
142.9492,75.6082
144.4184,75.3628
145.1342,75.2366
145.8376,75.1083
146.5289,74.9778
147.2079,74.8452
147.875,74.7106
148.5302,74.574
149.1737,74.4356
149.8056,74.2952
150.4261,74.1531
151.0354,74.0092
151.6335,73.8636
152.2208,73.7164
152.7974,73.5675
153.3634,73.4171
153.9191,73.2652
154.4645,73.1118
155,72.957
155.5256,72.8009
156.0416,72.6434
156.5482,72.4846
157.0454,72.3245
157.5336,72.1632
158.0128,72.0008
158.4833,71.8372
158.9452,71.6725
159.3987,71.5067
159.844,71.3399
160.2812,71.1721
160.7106,71.0033
161.1322,70.8336
161.5463,70.6629
161.953,70.4914
162.3524,70.319
162.7447,70.1458
163.1301,69.9717
163.5087,69.7969
163.8807,69.6214
164.2461,69.4451
175.0372,61.8147
175.2249,61.6229
175.4099,61.431
175.5923,61.2389
175.7722,61.0468
53.851,68.0725
54.177,68.2522
54.5085,68.4313
54.8457,68.6098
55.1887,68.7876
55.5377,68.9648
55.8927,69.1413
56.2538,69.3171
56.6213,69.4922
56.9953,69.6666
57.3758,69.8402
57.7631,70.013
58.1572,70.1849
58.5584,70.3561
58.9667,70.5263
59.3824,70.6957
59.8056,70.8641
60.2364,71.0315
60.6749,71.198
61.1215,71.3635
61.5761,71.5279
62.0391,71.6912
62.5104,71.8534
62.9904,72.0144
63.4792,72.1742
63.977,72.3328
64.4838,72.4902
65,72.6462
65.5256,72.8009
66.0609,72.9542
66.606,73.106
67.1611,73.2564
67.7263,73.4053
68.3019,73.5526
68.8879,73.6982
69.4846,73.8423
70.0921,73.9846
70.7106,74.1251
71.3402,74.2639
71.981,74.4008
72.6333,74.5357
73.2971,74.6687
73.9726,74.7997
74.6599,74.9285
75.3591,75.0553
76.0702,75.1798
76.7934,75.3021
77.5288,75.422
78.2764,75.5396
79.0362,75.6547
79.8084,75.7673
80.5928,75.8773
81.3895,75.9847
82.1985,76.0894
83.0198,76.1914
83.8532,76.2905
84.6986,76.3867
85.556,76.4799
86.4253,76.5701
87.3062,76.6573
88.1986,76.7412
89.1022,76.822
90.0169,76.8995
90.9423,76.9737
91.8781,77.0444
92.8241,77.1117
93.7798,77.1755
94.7449,77.2357
95.7189,77.2924
96.7014,77.3453
97.692,77.3945
98.6901,77.44
99.6952,77.4816
100.7067,77.5194
101.7241,77.5534
102.7468,77.5834
103.7742,77.6095
104.8056,77.6316
105.8404,77.6497
106.8779,77.6638
107.9174,77.6739
108.9584,77.68
110,77.682
111.0416,77.68
112.0826,77.6739
113.1221,77.6638
114.1596,77.6497
115.1944,77.6316
116.2258,77.6095
117.2532,77.5834
118.2759,77.5534
119.2933,77.5194
120.3048,77.4816
121.3099,77.44
122.308,77.3945
123.2986,77.3453
124.2811,77.2924
125.2551,77.2357
126.2202,77.1755
127.1759,77.1117
128.1219,77.0444
129.0577,76.9737
129.9831,76.8995
130.8978,76.822
131.8014,76.7412
132.6938,76.6573
133.5747,76.5701
134.444,76.4799
135.3014,76.3867
136.1468,76.2905
136.9802,76.1914
137.8015,76.0894
138.6105,75.9847
139.4072,75.8773
140.1916,75.7673
140.9638,75.6547
142.4712,75.422
143.9298,75.1798
144.6409,75.0553
145.3401,74.9285
146.0274,74.7997
146.7029,74.6687
147.3667,74.5357
148.019,74.4008
148.6598,74.2639
149.2894,74.1251
149.9079,73.9846
150.5154,73.8423
151.1121,73.6982
151.6981,73.5526
152.2737,73.4053
152.8389,73.2564
153.394,73.106
153.9391,72.9542
154.4744,72.8009
155,72.6462
155.5162,72.4902
156.023,72.3328
156.5208,72.1742
157.0096,72.0144
157.4895,71.8534
157.9609,71.6912
158.4239,71.5279
158.8785,71.3635
159.3251,71.198
159.7636,71.0315
160.1944,70.8641
160.6176,70.6957
161.0332,70.5263
161.4416,70.3561
161.8428,70.1849
162.2369,70.013
162.6242,69.8402
163.0047,69.6666
163.3787,69.4922
174.6326,61.7248
174.8225,61.5337
175.0097,61.3425
175.1943,61.1511
54.992,68.3076
55.3313,68.485
55.6764,68.6617
56.0274,68.8377
56.3843,69.0131
56.7475,69.1877
57.1169,69.3616
57.4926,69.5348
57.875,69.7071
58.264,69.8787
58.6598,70.0494
59.0626,70.2193
59.4725,70.3882
59.8896,70.5563
60.3141,70.7234
60.7462,70.8896
61.1859,71.0547
61.6335,71.2188
62.0892,71.3818
62.5529,71.5437
63.0251,71.7045
63.5057,71.8641
63.9949,72.0225
64.493,72.1797
65,72.3356
65.5162,72.4902
66.0416,72.6434
66.5765,72.7952
67.1211,72.9455
67.6754,73.0944
68.2397,73.2417
68.8141,73.3875
69.3987,73.5316
69.9937,73.6741
70.5993,73.8149
71.2156,73.9539
71.8428,74.091
72.4809,74.2263
73.1301,74.3597
73.7905,74.4911
74.4623,74.6205
75.1455,74.7478
75.8403,74.8729
76.5467,74.9959
77.2648,75.1166
77.9946,75.2349
78.7363,75.3509
79.4898,75.4645
80.2551,75.5755
81.0323,75.684
81.8214,75.7899
82.6223,75.8931
83.4349,75.9936
84.2593,76.0912
85.0952,76.186
85.9426,76.2778
86.8014,76.3666
87.6713,76.4524
88.5523,76.5351
89.444,76.6145
90.3462,76.6908
91.2587,76.7637
92.1811,76.8333
93.1132,76.8995
94.0546,76.9622
95.0049,77.0214
95.9638,77.0771
96.9307,77.1291
97.9052,77.1775
98.887,77.2221
99.8753,77.263
100.8698,77.3002
101.8699,77.3335
102.875,77.363
104.8978,77.4103
105.9144,77.4281
106.9335,77.442
107.9546,77.4519
108.977,77.4578
110,77.4598
111.023,77.4578
112.0454,77.4519
113.0665,77.442
114.0856,77.4281
115.1022,77.4103
116.1155,77.3886
117.125,77.363
118.1301,77.3335
119.1302,77.3002
120.1247,77.263
121.113,77.2221
122.0948,77.1775
123.0693,77.1291
124.0362,77.0771
124.9951,77.0214
125.9454,76.9622
126.8868,76.8995
127.8189,76.8333
128.7413,76.7637
129.6538,76.6908
130.556,76.6145
131.4477,76.5351
132.3286,76.4524
133.1986,76.3666
134.0573,76.2778
134.9048,76.186
135.7407,76.0912
136.565,75.9936
137.3777,75.8931
138.1786,75.7899
141.2637,75.3509
142.0054,75.2349
142.7352,75.1166
143.4533,74.9959
144.1597,74.8729
144.8544,74.7478
145.5377,74.6205
146.2095,74.4911
146.8699,74.3597
147.5191,74.2263
148.1572,74.091
148.7844,73.9539
149.4007,73.8149
150.0063,73.6741
150.6013,73.5316
151.1859,73.3875
151.7603,73.2417
152.3246,73.0944
152.8789,72.9455
153.4234,72.7952
153.9584,72.6434
154.4838,72.4902
155,72.3356
155.507,72.1797
156.0051,72.0225
156.4943,71.8641
156.9749,71.7045
157.447,71.5437
157.9108,71.3818
158.3665,71.2188
158.8141,71.0547
159.2538,70.8896
159.6859,70.7234
160.1104,70.5563
160.5275,70.3882
160.9374,70.2193
161.3402,70.0494
161.736,69.8787
162.125,69.7071
162.5074,69.5348
162.8831,69.3616
174.2307,61.6336
174.4227,61.4432
174.6121,61.2527
174.7989,61.062
55.1342,68.0057
55.8112,68.3588
56.1582,68.5344
56.5111,68.7092
56.8699,68.8834
57.2348,69.0569
57.606,69.2296
57.9835,69.4015
58.3675,69.5727
58.7581,69.743
59.1554,69.9125
59.5597,70.0811
59.9709,70.2488
60.3893,70.4155
60.8151,70.5813
61.2483,70.7462
61.6891,70.91
62.1376,71.0727
62.594,71.2344
63.0585,71.3949
63.5312,71.5543
64.0122,71.7125
64.5018,71.8695
65,72.0253
65.507,72.1797
66.023,72.3328
66.5481,72.4846
67.0826,72.6349
67.6264,72.7838
68.1798,72.9311
68.743,73.077
69.316,73.2212
69.8991,73.3639
70.4923,73.5048
71.0959,73.644
71.7098,73.7815
72.3344,73.9171
72.9696,74.0508
73.6156,74.1827
74.2726,74.3125
74.9406,74.4403
75.6197,74.5661
76.3099,74.6896
77.0115,74.811
77.7243,74.9302
78.4486,75.047
79.1843,75.1615
79.9314,75.2735
80.69,75.383
81.46,75.49
82.2414,75.5944
83.0343,75.6962
83.8384,75.7952
84.6538,75.8914
85.4804,75.9847
86.3179,76.0752
87.1663,76.1627
88.0255,76.2471
88.8952,76.3285
89.7751,76.4067
90.6652,76.4817
91.565,76.5535
92.4744,76.622
93.393,76.6871
94.3205,76.7487
95.2564,76.8069
96.2005,76.8617
97.1523,76.9128
98.1113,76.9603
99.0772,77.0042
100.0494,77.0444
101.0274,77.0809
102.0107,77.1137
104.9869,77.1891
105.9858,77.2066
106.9872,77.2202
107.9904,77.2299
108.9949,77.2357
110,77.2377
111.0051,77.2357
112.0095,77.2299
113.0128,77.2202
114.0142,77.2066
115.0131,77.1891
116.009,77.1678
117.0013,77.1426
117.9893,77.1137
118.9726,77.0809
119.9506,77.0444
120.9228,77.0042
121.8886,76.9603
122.8477,76.9128
123.7995,76.8617
124.7436,76.8069
125.6795,76.7487
126.607,76.6871
127.5256,76.622
128.435,76.5535
129.3348,76.4817
130.2249,76.4067
131.1048,76.3285
131.9745,76.2471
132.8336,76.1627
133.6821,76.0752
134.5196,75.9847
135.3462,75.8914
136.1616,75.7952
136.9657,75.6962
137.7585,75.5944
142.2756,74.9302
142.9885,74.811
143.6901,74.6896
144.3803,74.5661
145.0594,74.4403
145.7274,74.3125
146.3844,74.1827
147.0304,74.0508
147.6656,73.9171
148.2902,73.7815
148.9041,73.644
149.5077,73.5048
150.1009,73.3639
150.684,73.2212
151.257,73.077
151.8202,72.9311
152.3736,72.7838
152.9174,72.6349
153.4518,72.4846
153.977,72.3328
154.493,72.1797
155,72.0253
155.4982,71.8695
155.9878,71.7125
156.4688,71.5543
156.9415,71.3949
157.406,71.2344
157.8624,71.0727
158.3109,70.91
158.7517,70.7462
160.0291,70.2488
160.4403,70.0811
160.8446,69.9125
161.2419,69.743
161.6325,69.5727
162.0165,69.4015
173.8315,61.5411
174.0256,61.3514
174.2171,61.1616
174.406,60.9716
174.5923,60.7815
56.6341,68.4056
56.9888,68.5793
57.3493,68.7524
57.716,68.9246
58.0888,69.0962
58.4679,69.2669
58.8534,69.4368
59.2454,69.6059
59.6442,69.7741
60.0497,69.9415
60.4622,70.1079
60.8818,70.2734
61.3086,70.4379
61.7428,70.6014
62.1844,70.7639
62.6337,70.9253
63.0908,71.0856
63.5559,71.2448
64.029,71.4028
64.5103,71.5596
65,71.7152
65.4982,71.8695
66.0051,72.0225
66.5208,72.1742
67.0454,72.3245
67.5791,72.4734
68.1221,72.6208
68.6745,72.7667
69.2364,72.911
69.808,73.0538
70.3893,73.1949
70.9806,73.3343
71.5819,73.472
72.1935,73.608
72.8153,73.7421
73.4475,73.8743
74.0903,74.0046
74.7436,74.1329
75.4077,74.2592
76.0826,74.3834
76.7683,74.5054
77.4649,74.6253
78.1725,74.7429
78.8912,74.8582
79.6209,74.9712
80.3616,75.0817
81.1134,75.1898
81.8763,75.2953
82.6501,75.3983
83.4349,75.4986
84.2307,75.5961
85.0372,75.691
85.8545,75.783
86.6823,75.8721
87.5206,75.9582
88.3691,76.0414
89.2277,76.1215
90.0963,76.1985
90.9744,76.2724
91.8619,76.343
92.7585,76.4104
93.664,76.4744
94.5778,76.5351
95.4998,76.5923
96.4296,76.6461
97.3666,76.6964
98.3106,76.7431
99.2611,76.7863
100.2176,76.8258
101.1796,76.8617
107.0391,76.9985
108.0251,77.008
109.0122,77.0138
110,77.0157
110.9878,77.0138
111.9749,77.008
112.9609,76.9985
113.9452,76.9851
114.9271,76.9679
115.9061,76.947
116.8817,76.9223
117.8533,76.8938
118.8204,76.8617
119.7824,76.8258
120.7389,76.7863
121.6894,76.7431
122.6334,76.6964
123.5704,76.6461
124.5002,76.5923
125.4222,76.5351
126.336,76.4744
127.2415,76.4104
128.1381,76.343
129.0256,76.2724
129.9037,76.1985
130.7723,76.1215
131.6309,76.0414
132.4794,75.9582
133.3177,75.8721
134.1455,75.783
134.9628,75.691
135.7693,75.5961
136.565,75.4986
137.3499,75.3983
140.3791,74.9712
141.1088,74.8582
141.8274,74.7429
142.5351,74.6253
143.2317,74.5054
143.9174,74.3834
144.5923,74.2592
145.2564,74.1329
145.9097,74.0046
146.5525,73.8743
147.1847,73.7421
147.8065,73.608
148.418,73.472
149.0194,73.3343
149.6107,73.1949
150.192,73.0538
150.7636,72.911
151.3255,72.7667
151.8779,72.6208
152.4209,72.4734
152.9546,72.3245
153.4792,72.1742
153.9949,72.0225
154.5018,71.8695
155,71.7152
155.4897,71.5596
155.971,71.4028
156.4441,71.2448
156.9091,71.0856
157.3663,70.9253
157.8156,70.7639
158.2572,70.6014
159.5378,70.1079
159.9503,69.9415
160.3558,69.7741
160.7546,69.6059
161.1466,69.4368
161.5321,69.2669
173.435,61.4473
173.6312,61.2583
173.8247,61.0692
174.0156,60.88
174.204,60.6906
57.4606,68.4481
57.8227,68.6199
58.1909,68.791
58.5653,68.9613
58.9458,69.1309
59.3327,69.2996
59.7261,69.4674
60.1261,69.6344
60.5328,69.8005
60.9464,69.9657
61.367,70.1299
61.7948,70.2931
62.2298,70.4553
62.6722,70.6164
63.1221,70.7765
63.5797,70.9355
64.0452,71.0933
64.5185,71.25
65,71.4054
65.4897,71.5596
65.9878,71.7125
66.4943,71.8641
67.0095,72.0144
67.5336,72.1632
68.0665,72.3107
68.6085,72.4566
69.1596,72.6011
69.7201,72.7439
70.2901,72.8852
70.8696,73.0248
71.4588,73.1628
72.0578,73.299
72.6668,73.4334
73.2858,73.566
73.9149,73.6967
74.5543,73.8255
75.204,73.9523
75.8641,74.0771
76.5346,74.1998
77.2157,74.3204
77.9074,74.4387
78.6097,74.5549
79.3227,74.6687
80.0464,74.7802
80.7807,74.8893
81.5258,74.9959
82.2815,75.1
83.0478,75.2015
83.8247,75.3004
84.6121,75.3966
85.4099,75.49
86.218,75.5807
87.0362,75.6685
87.8645,75.7534
88.7026,75.8353
89.5505,75.9142
90.4077,75.99
91.2742,76.0627
92.1497,76.1322
93.0338,76.1985
93.9264,76.2615
94.8271,76.3212
95.7355,76.3775
96.6513,76.4305
97.5741,76.4799
98.5034,76.5259
99.439,76.5683
100.3803,76.6071
101.3268,76.6424
107.0892,76.7769
108.0585,76.7863
109.029,76.7919
110,76.7938
110.971,76.7919
111.9415,76.7863
112.9108,76.7769
113.8785,76.7637
114.844,76.7469
115.8067,76.7263
116.7662,76.702
117.7218,76.674
118.6732,76.6424
119.6197,76.6071
120.561,76.5683
121.4966,76.5259
122.4259,76.4799
123.3487,76.4305
124.2645,76.3775
125.1729,76.3212
126.0736,76.2615
126.9661,76.1985
127.8503,76.1322
128.7258,76.0627
129.5923,75.99
130.4495,75.9142
131.2973,75.8353
132.1355,75.7534
132.9638,75.6685
133.782,75.5807
134.5901,75.49
135.3879,75.3966
136.1753,75.3004
136.9522,75.2015
137.7185,75.1
139.9536,74.7802
140.6773,74.6687
141.3903,74.5549
142.0926,74.4387
142.7843,74.3204
143.4654,74.1998
144.1359,74.0771
144.796,73.9523
145.4457,73.8255
146.0851,73.6967
146.7142,73.566
147.3332,73.4334
147.9422,73.299
148.5412,73.1628
149.1304,73.0248
149.7099,72.8852
150.2799,72.7439
150.8404,72.6011
151.3915,72.4566
151.9335,72.3107
152.4664,72.1632
152.9904,72.0144
153.5057,71.8641
154.0122,71.7125
154.5103,71.5596
155,71.4054
155.4815,71.25
155.9548,71.0933
156.4203,70.9355
156.8779,70.7765
159.8739,69.6344
160.2739,69.4674
161.0542,69.1309
161.4347,68.9613
173.0412,61.3522
173.2394,61.164
173.435,60.9756
173.6279,60.7871
173.8182,60.5984
59.0355,68.8252
59.4174,68.9935
59.8056,69.161
60.2002,69.3277
60.6013,69.4934
61.0091,69.6582
61.4237,69.8221
61.8452,69.9851
62.2737,70.147
62.7094,70.3079
63.1524,70.4677
63.6028,70.6265
64.0608,70.7841
64.5265,70.9406
65,71.0959
65.4815,71.25
65.971,71.4028
66.4688,71.5543
66.9749,71.7045
67.4895,71.8534
68.0128,72.0008
68.5448,72.1468
69.0856,72.2913
70.7626,72.7155
71.3402,72.8537
71.9272,72.9902
72.5238,73.1249
73.1301,73.2579
73.7462,73.389
74.3721,73.5182
75.008,73.6455
75.6539,73.7709
76.3099,73.8941
76.9761,74.0154
77.6525,74.1345
78.3392,74.2514
79.0362,74.366
79.7436,74.4784
80.4612,74.5884
81.1892,74.6961
81.9275,74.8013
82.6761,74.904
83.4349,75.0041
84.204,75.1016
84.9831,75.1965
85.7722,75.2886
86.5713,75.378
87.3801,75.4645
88.1986,75.5481
89.0265,75.6288
89.8637,75.7065
90.71,75.7812
91.565,75.8528
92.4287,75.9212
93.3008,75.9865
94.1808,76.0485
95.0686,76.1072
95.9638,76.1627
96.866,76.2147
97.7749,76.2634
98.6901,76.3085
99.6111,76.3503
100.5377,76.3885
101.4692,76.4231
102.4053,76.4542
107.1376,76.5554
108.0908,76.5646
109.0452,76.5701
110,76.572
110.9548,76.5701
111.9091,76.5646
112.8624,76.5554
113.8141,76.5424
114.7636,76.5259
115.7106,76.5056
116.6544,76.4817
117.5946,76.4542
118.5308,76.4231
119.4623,76.3885
120.3889,76.3503
121.3099,76.3085
122.2251,76.2634
123.134,76.2147
124.0362,76.1627
124.9314,76.1072
125.8192,76.0485
126.6992,75.9865
127.5713,75.9212
128.435,75.8528
129.2901,75.7812
130.1363,75.7065
130.9735,75.6288
131.8014,75.5481
132.6199,75.4645
133.4287,75.378
134.2277,75.2886
135.0169,75.1965
135.796,75.1016
136.565,75.0041
137.3239,74.904
138.0725,74.8013
138.8108,74.6961
139.5388,74.5884
140.2564,74.4784
140.9638,74.366
141.6608,74.2514
142.3474,74.1345
143.0239,74.0154
143.6901,73.8941
144.3461,73.7709
144.992,73.6455
145.6279,73.5182
146.2538,73.389
146.8699,73.2579
147.4762,73.1249
148.0728,72.9902
148.6598,72.8537
149.2374,72.7155
149.8056,72.5757
150.3645,72.4343
150.9144,72.2913
151.4552,72.1468
151.9872,72.0008
152.5105,71.8534
153.0251,71.7045
153.5312,71.5543
154.029,71.4028
154.5185,71.25
155,71.0959
155.4735,70.9406
155.9392,70.7841
161.3402,68.656
172.8503,61.0684
173.0478,60.8807
173.2427,60.6929
173.435,60.5049
59.1226,68.5198
59.4996,68.6877
59.8827,68.8549
60.272,69.0211
60.6677,69.1866
61.894,69.6773
62.3162,69.839
62.7454,69.9996
63.1817,70.1592
63.6252,70.3177
64.076,70.4752
64.5342,70.6315
65,70.7866
65.4735,70.9406
65.9548,71.0933
66.4441,71.2448
66.9415,71.3949
67.447,71.5437
67.9609,71.6912
68.4833,71.8372
69.0142,71.9818
72.386,72.8166
72.9801,72.9498
73.5836,73.0813
74.1966,73.211
74.8193,73.3388
75.4516,73.4646
76.0937,73.5885
76.7456,73.7103
77.4074,73.8301
78.0791,73.9477
78.7608,74.0632
79.4524,74.1764
80.1541,74.2874
80.8657,74.396
81.5873,74.5023
82.3189,74.6061
83.0605,74.7074
83.8119,74.8062
84.5731,74.9023
85.3441,74.9959
86.1247,75.0867
86.9149,75.1748
87.7144,75.2601
88.5232,75.3425
89.3411,75.422
90.1679,75.4986
91.0033,75.5721
91.8473,75.6426
92.6995,75.71
93.5596,75.7742
94.4275,75.8353
96.185,75.9476
97.074,75.9989
97.9694,76.0467
98.8708,76.0912
99.7778,76.1322
100.6901,76.1698
101.6071,76.2039
107.1844,76.3339
108.1221,76.343
111.8779,76.343
112.8156,76.3339
113.7517,76.3212
114.6859,76.3049
115.6176,76.285
116.5463,76.2615
117.4716,76.2345
118.3929,76.2039
119.3099,76.1698
120.2222,76.1322
121.1292,76.0912
122.0306,76.0467
122.926,75.9989
123.815,75.9476
124.6973,75.8931
125.5725,75.8353
126.4404,75.7742
127.3005,75.71
128.1527,75.6426
128.9967,75.5721
129.8321,75.4986
130.6589,75.422
131.4768,75.3425
132.2856,75.2601
133.0851,75.1748
133.8753,75.0867
134.6559,74.9959
135.4269,74.9023
136.1881,74.8062
136.9395,74.7074
137.6811,74.6061
138.4127,74.5023
139.1343,74.396
139.8459,74.2874
140.5476,74.1764
141.2392,74.0632
141.9209,73.9477
142.5926,73.8301
143.2544,73.7103
143.9063,73.5885
144.5484,73.4646
145.1807,73.3388
145.8033,73.211
146.4164,73.0813
147.0199,72.9498
147.614,72.8166
148.1987,72.6815
148.7742,72.5448
149.3405,72.4064
149.8978,72.2664
150.4462,72.1249
150.9858,71.9818
151.5167,71.8372
152.0391,71.6912
152.5529,71.5437
153.0585,71.3949
153.5559,71.2448
154.0452,71.0933
154.5265,70.9406
155,70.7866
160.8774,68.5198
172.4639,60.9716
172.6633,60.7847
172.8601,60.5976
59.5794,68.3822
59.9575,68.549
60.3417,68.7149
60.7321,68.88
61.1287,69.0442
62.3574,69.5312
62.7803,69.6916
63.2101,69.851
63.6468,70.0093
64.0906,70.1666
64.5416,70.3227
65,70.4777
65.4658,70.6315
65.9392,70.7841
66.4203,70.9355
66.9091,71.0856
67.406,71.2344
67.9108,71.3818
68.4239,71.5279
68.9452,71.6725
72.8355,72.642
73.427,72.7738
74.0276,72.9039
74.6375,73.0321
75.2568,73.1584
75.8855,73.2828
76.5237,73.4053
77.1715,73.5257
77.8288,73.644
78.4957,73.7602
79.1723,73.8743
79.8586,73.9861
80.5546,74.0957
81.2602,74.2029
81.9755,74.3078
82.7004,74.4102
83.4349,74.5102
84.179,74.6077
84.9325,74.7025
85.6954,74.7948
86.4676,74.8844
87.249,74.9712
88.0394,75.0553
88.8387,75.1365
92.1213,75.4322
92.9622,75.4986
97.2756,75.783
98.1579,75.8301
99.0459,75.8738
99.9393,75.9142
112.7702,76.1126
113.6914,76.1001
114.6106,76.0841
115.5275,76.0645
116.4416,76.0414
117.3524,76.0148
118.2594,75.9847
119.1623,75.9512
120.0607,75.9142
120.9541,75.8738
121.8421,75.8301
122.7243,75.783
123.6005,75.7325
124.4703,75.6789
125.3333,75.6219
126.1892,75.5618
127.0378,75.4986
127.8787,75.4322
128.7117,75.3628
129.5367,75.2903
130.3532,75.2149
131.1613,75.1365
131.9606,75.0553
132.751,74.9712
133.5323,74.8844
134.3046,74.7948
135.0675,74.7025
135.821,74.6077
136.565,74.5102
137.2996,74.4102
138.0245,74.3078
138.7398,74.2029
139.4454,74.0957
140.1414,73.9861
140.8277,73.8743
141.5043,73.7602
142.1712,73.644
142.8285,73.5257
143.4763,73.4053
144.1145,73.2828
144.7432,73.1584
145.3625,73.0321
145.9724,72.9039
146.573,72.7738
147.1645,72.642
147.7468,72.5084
148.3201,72.3731
148.8845,72.2361
149.44,72.0975
149.9869,71.9574
150.5251,71.8157
151.0548,71.6725
151.5761,71.5279
152.0892,71.3818
152.594,71.2344
153.0908,71.0856
153.5797,70.9355
154.0608,70.7841
154.5342,70.6315
172.0802,60.8736
172.2815,60.6874
172.4801,60.501
60.4094,68.409
63.2376,69.5431
63.6678,69.7012
64.1048,69.8582
64.5489,70.0142
65,70.169
65.4584,70.3227
65.924,70.4752
66.3972,70.6265
66.8779,70.7765
72.696,72.3342
73.2759,72.4664
73.8646,72.5968
74.4623,72.7255
75.0691,72.8523
75.6849,72.9772
76.3099,73.1002
76.9442,73.2212
77.5877,73.3402
78.2405,73.4572
78.9027,73.572
79.5742,73.6847
80.2551,73.7951
80.9454,73.9033
81.645,74.0092
82.354,74.1127
83.0723,74.2138
83.7999,74.3125
84.5367,74.4087
85.2826,74.5023
86.0375,74.5933
86.8014,74.6816
87.5741,74.7672
99.2157,75.6564
112.7263,75.8914
113.6329,75.8791
114.5378,75.8633
115.4403,75.844
116.3402,75.8213
117.2369,75.7952
118.1301,75.7655
119.0193,75.7325
119.9042,75.6962
120.7843,75.6564
121.6593,75.6133
122.5288,75.567
123.3925,75.5173
124.25,75.4645
125.1011,75.4084
125.9454,75.3492
126.7826,75.2869
127.6126,75.2215
128.435,75.1531
129.2495,75.0817
130.0561,75.0074
130.8544,74.9302
131.6444,74.8501
132.4259,74.7672
133.1986,74.6816
133.9625,74.5933
134.7174,74.5023
135.4633,74.4087
136.2001,74.3125
136.9277,74.2138
137.646,74.1127
138.355,74.0092
139.0546,73.9033
139.7449,73.7951
140.4258,73.6847
141.0973,73.572
141.7595,73.4572
143.0558,73.2212
143.6901,73.1002
144.3151,72.9772
144.9309,72.8523
145.5377,72.7255
146.1354,72.5968
146.7241,72.4664
147.304,72.3342
147.875,72.2003
148.4373,72.0648
148.991,71.9276
149.5361,71.7888
150.0729,71.6485
150.6013,71.5067
151.1215,71.3635
151.6335,71.2188
152.1376,71.0727
152.6338,70.9253
153.1221,70.7765
153.6028,70.6265
171.9023,60.5889
172.1027,60.4033
64.1186,69.5502
64.5558,69.7059
65,69.8606
65.4511,70.0142
65.9094,70.1666
66.3748,70.3177
66.8476,70.4677
67.3278,70.6164
72.5614,72.0266
73.1301,72.1591
73.7074,72.2899
74.2933,72.419
74.888,72.5462
75.4915,72.6716
76.1038,72.7952
76.7251,72.9168
77.3554,73.0364
77.9946,73.154
78.6429,73.2696
79.3003,73.3831
79.9667,73.4944
80.6422,73.6035
81.3269,73.7103
82.0205,73.8149
82.7232,73.9171
83.4349,74.0169
84.1556,74.1143
84.8852,74.2092
85.6235,74.3015
86.3706,74.3913
87.1263,74.4784
99.3803,75.439
112.6838,75.6702
113.5763,75.6581
114.4672,75.6426
115.3558,75.6237
116.2419,75.6013
117.125,75.5755
118.0047,75.5464
118.8807,75.5139
119.7524,75.4781
120.6197,75.439
121.482,75.3966
122.3391,75.3509
123.1906,75.3021
124.0362,75.25
124.8757,75.1948
125.7086,75.1365
126.5348,75.0751
127.354,75.0107
128.166,74.9433
128.9704,74.8729
129.7672,74.7997
130.556,74.7235
131.3369,74.6446
132.1094,74.5629
132.8737,74.4784
133.6294,74.3913
134.3765,74.3015
135.1148,74.2092
135.8444,74.1143
136.565,74.0169
137.2767,73.9171
137.9795,73.8149
138.6731,73.7103
139.3577,73.6035
140.0333,73.4944
140.6997,73.3831
141.3571,73.2696
142.0054,73.154
142.6446,73.0364
143.2749,72.9168
143.8962,72.7952
144.5085,72.6716
145.112,72.5462
145.7067,72.419
146.2926,72.2899
146.8699,72.1591
147.4386,72.0266
148.5505,71.7567
149.0939,71.6193
149.629,71.4804
150.156,71.3399
150.6749,71.198
152.1844,70.7639
152.6722,70.6164
171.5258,60.4893
171.728,60.3044
64.5626,69.398
65,69.5525
65.4441,69.7059
65.8952,69.8582
66.3532,70.0093
66.8183,70.1592
67.2906,70.3079
67.7702,70.4553
71.8817,71.5848
72.4314,71.7192
72.9893,71.852
73.5556,71.9831
74.1302,72.1126
74.7132,72.2402
75.3048,72.3661
75.905,72.4902
76.5138,72.6123
77.1313,72.7326
77.7575,72.8509
78.3925,72.9671
79.0362,73.0813
79.6888,73.1935
80.3501,73.3034
81.0203,73.4112
81.6992,73.5167
82.387,73.62
83.0834,73.7209
83.7886,73.8194
84.5024,73.9156
85.2249,74.0092
85.9558,74.1003
86.6951,74.1889
87.4427,74.2748
113.5215,75.4373
114.3987,75.422
115.2739,75.4034
116.1466,75.3813
117.0165,75.356
117.8831,75.3273
118.7462,75.2953
119.6052,75.2601
120.4599,75.2215
121.3099,75.1798
122.1549,75.1348
122.9946,75.0867
123.8286,75.0354
124.6568,74.9811
125.4786,74.9236
126.294,74.8631
127.1027,74.7997
127.9044,74.7332
128.699,74.6639
129.4861,74.5916
130.2657,74.5166
131.0375,74.4387
131.8014,74.3581
132.5573,74.2748
133.3049,74.1889
134.0442,74.1003
134.7751,74.0092
135.4975,73.9156
136.2114,73.8194
136.9166,73.7209
137.613,73.62
138.3008,73.5167
138.9797,73.4112
139.6499,73.3034
140.3112,73.1935
140.9638,73.0813
141.6075,72.9671
142.2425,72.8509
142.8687,72.7326
143.4862,72.6123
144.095,72.4902
144.6952,72.3661
145.2867,72.2402
145.8698,72.1126
146.4444,71.9831
147.0107,71.852
171.1519,60.3884
171.3558,60.2043
171.5571,60.0199
65,69.2447
65.4374,69.398
65.8814,69.5502
66.3322,69.7012
66.7899,69.851
67.2546,69.9996
67.7263,70.147
71.7662,71.2773
72.3058,71.412
72.8533,71.5451
73.4089,71.6765
73.9726,71.8063
74.5445,71.9344
75.1247,72.0607
75.7131,72.1852
76.3099,72.3079
76.9151,72.4287
77.5288,72.5476
78.1509,72.6646
78.7816,72.7795
79.4208,72.8924
80.0685,73.0032
80.7247,73.1118
83.4349,73.5242
84.1336,73.6215
84.8407,73.7164
85.556,73.8088
86.2796,73.8987
87.0113,73.9861
113.4682,75.2165
114.3323,75.2015
115.1944,75.1831
116.0542,75.1615
116.9112,75.1365
117.7652,75.1083
118.6156,75.0768
119.4623,75.042
120.3048,75.0041
121.1429,74.963
121.9761,74.9187
122.8043,74.8713
123.627,74.8208
124.444,74.7672
125.2551,74.7106
126.06,74.651
126.8584,74.5884
127.6501,74.523
128.435,74.4546
129.2127,74.3834
129.9831,74.3094
130.7461,74.2326
131.5014,74.1531
132.249,74.0709
132.9887,73.9861
133.7204,73.8987
134.444,73.8088
135.1593,73.7164
135.8663,73.6215
136.565,73.5242
137.2553,73.4245
137.9371,73.3226
138.6105,73.2183
139.2753,73.1118
139.9315,73.0032
140.5792,72.8924
141.2184,72.7795
141.849,72.6646
142.4712,72.5476
143.0849,72.4287
144.2869,72.1852
144.8753,72.0607
145.4555,71.9344
146.0274,71.8063
170.7807,60.2865
170.9863,60.1031
65.4308,69.0904
65.868,69.2424
66.3119,69.3933
66.7624,69.5431
67.2197,69.6916
72.1843,71.1049
72.7218,71.2383
73.2672,71.37
73.8204,71.5001
74.3815,71.6286
74.9506,71.7553
75.5278,71.8803
76.113,72.0035
76.7064,72.1249
77.308,72.2444
78.5359,72.4776
79.1622,72.5912
79.7968,72.7028
80.4396,72.8123
81.0908,72.9196
85.1706,73.5167
85.879,73.608
86.5953,73.6967
87.3194,73.783
113.4166,74.9959
114.2679,74.9811
115.1173,74.963
115.9645,74.9417
116.8091,74.9171
117.6506,74.8893
118.4889,74.8582
119.3236,74.824
120.1543,74.7867
120.9806,74.7462
121.8024,74.7025
122.6193,74.6558
123.431,74.6061
124.2373,74.5533
125.0378,74.4975
125.8324,74.4387
126.6208,74.3771
127.4027,74.3125
128.178,74.2451
128.9465,74.1749
129.708,74.1019
130.4623,74.0262
131.2092,73.9477
131.9487,73.8667
132.6806,73.783
133.4047,73.6967
134.121,73.608
134.8293,73.5167
135.5297,73.423
136.222,73.327
136.9061,73.2286
137.582,73.1278
138.2497,73.0248
138.9092,72.9196
139.5604,72.8123
140.2032,72.7028
140.8378,72.5912
142.0822,72.362
145.0494,71.7553
145.6185,71.6286
146.1796,71.5001
170.4122,60.1834
170.6194,60.0007
170.8239,59.8178
65.8551,68.935
66.2922,69.0858
66.7357,69.2354
67.1858,69.3839
67.6425,69.5312
72.5946,70.9316
73.1301,71.0637
73.6732,71.1941
75.3487,71.5755
75.9228,71.6992
76.5048,71.8211
77.0947,71.9411
77.6927,72.0593
78.9125,72.2899
79.5344,72.4023
80.1645,72.5126
80.8025,72.6208
112.5261,74.7867
113.3665,74.7753
114.2054,74.7607
115.0424,74.7429
115.8774,74.7219
116.7098,74.6977
117.5394,74.6703
118.3659,74.6398
119.1888,74.6061
120.008,74.5693
120.823,74.5293
121.6336,74.4864
122.4396,74.4403
123.2405,74.3913
124.0362,74.3392
124.8265,74.2843
125.611,74.2263
126.3895,74.1655
127.1619,74.1019
127.9279,74.0354
128.6873,73.9661
129.44,73.8941
130.1858,73.8194
130.9245,73.7421
131.656,73.6621
132.3801,73.5795
133.0968,73.4944
133.8059,73.4068
134.5074,73.3167
135.2011,73.2242
135.887,73.1293
136.565,73.0321
137.2351,72.9326
137.8973,72.8308
138.5514,72.7269
139.1975,72.6208
139.8355,72.5126
140.4655,72.4023
170.2551,59.8972
170.4612,59.7151
170.6647,59.5327
66.273,68.7785
66.7098,68.9281
67.153,69.0765
67.6026,69.2238
68.0587,69.3698
72.4716,70.6252
72.9975,70.7575
73.5308,70.8883
74.0715,71.0174
75.1755,71.2708
75.7389,71.3949
76.3099,71.5173
77.4751,71.7567
78.0693,71.8736
79.2811,72.1016
79.8987,72.2127
80.5241,72.3217
81.1573,72.4287
110.8303,74.5788
111.6603,74.574
112.4896,74.5661
113.3178,74.5549
114.1446,74.5405
114.9697,74.523
115.7928,74.5023
116.6135,74.4784
117.4314,74.4514
118.2463,74.4213
119.0579,74.3881
119.8658,74.3518
120.6698,74.3125
121.4695,74.2701
122.2648,74.2248
123.0553,74.1764
123.8407,74.1251
124.6209,74.0709
125.3955,74.0138
126.1645,73.9539
126.9275,73.8911
127.6844,73.8255
128.435,73.7572
129.179,73.6862
129.9164,73.6125
130.647,73.5361
131.3706,73.4572
132.0872,73.3757
132.7965,73.2916
133.4986,73.2051
134.1932,73.1162
134.8804,73.0248
135.56,72.9311
136.2319,72.8351
136.8962,72.7368
137.5528,72.6363
138.2016,72.5336
138.8427,72.4287
139.4759,72.3217
140.1013,72.2127
169.2547,60.3355
169.4703,60.1548
169.6832,59.9738
170.1011,59.6113
170.3061,59.4296
170.5086,59.2478
170.7086,59.0657
67.1211,68.7694
67.5638,68.9166
68.0128,69.0627
68.4682,69.2075
72.3524,70.319
72.8691,70.4516
73.3929,70.5826
73.924,70.7121
74.4623,70.8399
75.561,71.0907
76.1215,71.2136
76.6894,71.3347
77.2648,71.454
78.4382,71.6872
80.2551,72.0225
80.8759,72.1304
81.5044,72.2361
82.1403,72.3398
110,74.3597
110.8185,74.3581
111.6366,74.3534
112.454,74.3455
113.2705,74.3345
114.0856,74.3204
114.8991,74.3031
115.7106,74.2827
116.5198,74.2592
117.3264,74.2326
118.1301,74.2029
118.9306,74.1702
119.7276,74.1345
120.5208,74.0957
121.3099,74.0539
122.0948,74.0092
122.875,73.9615
123.6504,73.911
124.4208,73.8575
125.1858,73.8012
125.9454,73.7421
126.6992,73.6802
127.4472,73.6155
128.1891,73.5481
128.9246,73.478
129.6538,73.4053
130.3764,73.3299
131.0923,73.252
131.8014,73.1715
132.5035,73.0886
133.1986,73.0032
133.8865,72.9153
134.5672,72.8251
135.2405,72.7326
135.9065,72.6377
136.565,72.5406
137.2161,72.4413
137.8596,72.3398
138.4956,72.2361
139.1241,72.1304
139.7449,72.0225
168.6713,60.4072
168.8912,60.2275
169.1083,60.0476
169.3227,59.8674
169.5345,59.687
169.7436,59.5063
169.9501,59.3254
170.1541,59.1443
170.3556,58.963
170.5546,58.7815
67.5261,68.6098
67.9682,68.7558
68.4166,68.9006
72.2369,70.013
72.7447,70.1458
73.2594,70.2771
73.7812,70.4068
74.3099,70.535
76.4966,71.0315
77.0613,71.1514
77.6334,71.2695
78.2127,71.3857
81.2202,71.9384
81.8438,72.043
82.4748,72.1454
109.1931,74.1376
110,74.1391
110.8069,74.1376
111.6135,74.1329
112.4195,74.1251
113.2245,74.1143
114.0283,74.1003
114.8304,74.0833
115.6307,74.0632
116.4287,74.04
117.2243,74.0138
118.0171,73.9846
118.8068,73.9523
119.5931,73.9171
120.3758,73.8789
121.1547,73.8377
121.9293,73.7936
122.6996,73.7466
123.4652,73.6967
124.226,73.644
124.9816,73.5885
125.732,73.5302
126.4769,73.4691
127.2161,73.4053
127.9494,73.3388
128.6767,73.2696
129.3978,73.1978
130.1126,73.1235
130.8209,73.0466
131.5226,72.9671
132.2176,72.8852
132.9058,72.8009
133.587,72.7141
134.2613,72.625
134.9285,72.5336
135.5885,72.4399
136.2413,72.3439
136.8869,72.2458
137.5252,72.1454
138.1562,72.043
138.7798,71.9384
139.3961,71.8318
168.0851,60.476
168.3092,60.2974
168.5305,60.1185
168.7491,59.9393
168.9649,59.7599
169.1781,59.5803
169.3886,59.4003
169.5966,59.2202
169.802,59.0398
67.925,68.4492
68.3665,68.594
68.8141,68.7376
72.125,69.7071
72.6242,69.8402
73.1301,69.9717
73.6428,70.1018
74.1623,70.2303
77.4259,70.9674
77.9946,71.0843
78.5704,71.1993
81.5571,71.746
82.1759,71.8493
82.8019,71.9506
108.4089,73.9125
109.2043,73.9171
110,73.9186
110.7957,73.9171
111.5911,73.9125
112.3859,73.9048
113.1798,73.8941
113.9725,73.8804
114.7636,73.8636
115.553,73.8438
116.3402,73.821
117.125,73.7951
117.9072,73.7663
118.6863,73.7345
119.4623,73.6998
120.2348,73.6621
121.0035,73.6215
121.7683,73.578
122.5288,73.5316
123.2849,73.4825
124.0362,73.4305
125.5241,73.3181
126.2602,73.2579
126.9908,73.1949
127.7158,73.1293
128.435,73.061
129.1481,72.9902
129.8552,72.9168
130.556,72.8408
131.2505,72.7624
131.9385,72.6815
132.6199,72.5982
133.2946,72.5126
133.9625,72.4245
134.6236,72.3342
135.2777,72.2416
135.9249,72.1468
136.565,72.0498
137.1981,71.9506
137.8241,71.8493
138.4429,71.746
139.0546,71.6406
139.6591,71.5332
164.7824,62.4716
167.7243,60.3643
167.9498,60.1865
168.1726,60.0084
168.3925,59.83
168.6097,59.6514
168.8243,59.4725
169.0362,59.2933
169.2456,59.1139
169.4524,58.9343
68.3178,68.2877
68.7585,68.4313
69.2054,68.5737
72.5073,69.5348
73.0047,69.6666
73.5087,69.7969
74.0193,69.9258
78.3487,70.8985
78.921,71.0123
81.8868,71.553
82.5009,71.6552
83.1219,71.7553
107.6467,73.6847
108.4306,73.6922
109.2152,73.6967
110,73.6982
110.7848,73.6967
111.5694,73.6922
112.3533,73.6847
113.1364,73.6741
113.9182,73.6606
114.6987,73.644
115.4774,73.6245
116.254,73.602
117.0284,73.5765
117.8002,73.5481
118.5691,73.5167
119.335,73.4825
120.0975,73.4453
120.8564,73.4053
121.6115,73.3624
122.3625,73.3167
123.1092,73.2681
123.8514,73.2168
128.1992,72.8523
128.9046,72.7823
129.6041,72.7099
130.2976,72.6349
130.9849,72.5574
131.666,72.4776
132.3407,72.3953
133.0089,72.3107
133.6705,72.2237
134.3256,72.1345
134.9739,72.043
135.6155,71.9492
136.2502,71.8534
136.8781,71.7553
137.4991,71.6552
138.1132,71.553
138.7203,71.4488
139.3205,71.3425
139.9137,71.2344
164.4092,62.3487
164.6734,62.1761
167.5933,60.0745
167.8174,59.8972
168.0387,59.7196
168.2572,59.5418
168.4732,59.3636
169.1054,58.8277
69.1446,68.2677
72.394,69.2296
72.8831,69.3616
73.3787,69.4922
73.8807,69.6214
82.2096,71.3595
82.8189,71.4606
83.4349,71.5596
106.1345,73.4408
106.9059,73.4542
107.6785,73.4646
108.4518,73.472
109.2258,73.4765
110,73.478
110.7742,73.4765
113.0941,73.4542
113.8655,73.4408
114.6355,73.4245
115.4038,73.4053
117.6961,73.3299
118.455,73.299
119.211,73.2652
119.9638,73.2286
120.7131,73.1891
121.4587,73.1468
122.2005,73.1017
122.9381,73.0538
123.6713,73.0032
126.5571,72.7738
127.2658,72.7099
127.9691,72.6434
128.6669,72.5743
129.359,72.5028
130.0453,72.4287
130.7256,72.3522
131.3998,72.2733
132.0679,72.1921
132.7297,72.1085
133.3852,72.0225
134.0343,71.9344
134.6768,71.8439
135.3129,71.7513
135.9423,71.6565
136.565,71.5596
137.1811,71.4606
137.7904,71.3595
164.0395,62.2248
167.0115,60.1378
167.2396,59.9616
167.4649,59.785
167.6875,59.6082
167.9074,59.4311
168.7608,58.7201
168.9678,58.5417
72.284,68.9246
72.7652,69.0569
73.2525,69.1877
73.7462,69.3171
81.9275,71.0637
82.5256,71.1656
83.1302,71.2656
83.7413,71.3635
106.1859,73.2212
106.9471,73.2344
107.7094,73.2447
108.4725,73.252
109.2361,73.2564
110,73.2579
118.3439,73.0813
119.0903,73.048
119.8336,73.0118
120.5735,72.9729
121.3099,72.9311
122.0426,72.8867
122.7712,72.8394
123.4957,72.7895
124.2159,72.7368
124.9314,72.6815
126.3482,72.5631
127.049,72.5
127.7447,72.4343
129.1197,72.2955
129.7989,72.2223
130.4723,72.1468
131.1398,72.0689
131.8014,71.9886
132.4569,71.906
133.1063,71.8211
133.7495,71.7339
134.3864,71.6445
135.0169,71.553
135.641,71.4593
136.2587,71.3635
138.0725,71.0637
163.4034,62.2703
163.6732,62.0999
163.9396,61.9291
166.6593,60.023
166.8887,59.8476
167.1152,59.6718
167.3391,59.4958
167.5602,59.3195
72.6507,68.7524
73.1301,68.8834
73.6156,69.0131
74.1073,69.1413
82.2414,70.8705
82.835,70.9713
83.4349,71.0701
105.486,72.9859
106.236,73.0017
106.9872,73.0147
107.7395,73.0248
108.4926,73.0321
119.7066,72.7952
120.4375,72.7567
123.3245,72.5757
124.0362,72.5238
125.4463,72.412
126.1443,72.3522
126.8375,72.2899
128.2085,72.1578
128.8861,72.088
129.5582,72.0157
130.2249,71.9411
130.8858,71.8641
131.541,71.7848
132.1903,71.7032
132.8336,71.6193
133.471,71.5332
134.1022,71.4448
134.7273,71.3543
135.3462,71.2617
163.0394,62.1434
163.3103,61.9739
163.5777,61.804
163.8418,61.6336
165.8403,60.2554
166.0766,60.0815
166.5405,59.7325
166.7683,59.5576
166.9933,59.3824
73.0112,68.5793
73.4889,68.7092
73.9726,68.8377
74.4623,68.9648
74.9581,69.0904
75.4599,69.2145
83.1381,70.7765
83.7334,70.8743
105.5444,72.7667
106.2847,72.7823
126.631,72.0798
127.3116,72.0157
128.6579,71.8803
129.3232,71.809
129.9831,71.7353
130.6375,71.6592
131.2864,71.5808
131.9296,71.5001
132.567,71.4172
133.8243,71.2448
134.444,71.1553
163.2192,61.6779
163.4843,61.5084
163.7462,61.3384
165.4915,60.137
165.7289,59.9639
165.9634,59.7904
166.1951,59.6165
166.4241,59.4424
166.6503,59.2679
73.3659,68.4056
73.8418,68.5344
74.3236,68.6617
74.8113,68.7876
75.3048,68.912
75.8044,69.035
76.3099,69.1564
82.2717,70.382
82.8503,70.4827
83.4349,70.5813
106.3322,72.5631
127.1027,71.8063
129.0935,71.602
129.7468,71.5292
130.3949,71.454
131.0375,71.3766
131.6747,71.2968
132.3062,71.2149
162.864,61.5509
163.1301,61.3822
163.3929,61.2131
163.6525,61.0436
165.384,59.8453
165.6196,59.6726
165.8525,59.4996
166.0826,59.3262
166.3099,59.1525
69.2795,66.8835
72.7836,67.9718
73.2463,68.1022
73.7147,68.2312
74.1888,68.3588
74.6687,68.485
75.6457,68.7331
76.1429,68.8549
76.646,68.9751
82.5713,70.1886
83.1456,70.2882
83.7258,70.3858
128.869,71.3949
129.5159,71.3229
130.1576,71.2487
130.7941,71.1721
131.4253,71.0933
132.0511,71.0123
162.5121,61.4228
162.7791,61.2551
163.0429,61.0869
163.3035,60.9182
163.5609,60.749
165.042,59.7257
165.2787,59.5538
165.5126,59.3816
165.7438,59.209
165.9722,59.0361
166.198,58.8629
69.2222,66.5793
69.6355,66.7196
72.6745,67.6684
73.1301,67.799
73.5912,67.9282
74.0579,68.0561
74.5301,68.1826
76.9761,68.7933
77.4825,68.9109
129.2901,71.1165
129.9256,71.0431
130.556,70.9674
131.1814,70.8896
131.8014,70.8095
161.8924,61.4603
162.1635,61.2939
162.4314,61.127
162.696,60.9596
162.9575,60.7918
163.2159,60.6235
164.4623,59.7759
164.7029,59.6052
164.9406,59.4341
165.1755,59.2627
165.4077,59.0909
165.6372,58.9188
165.8641,58.7464
69.9863,66.5548
70.4038,66.6929
72.5684,67.3652
73.0171,67.496
73.4711,67.6254
73.9306,67.7536
74.3955,67.8803
74.8658,68.0057
76.8024,68.4928
77.3005,68.6109
77.8043,68.7274
130.3231,70.7626
130.9427,70.6856
161.8182,61.164
162.0869,60.998
162.3524,60.8315
162.6147,60.6645
162.8739,60.4971
164.125,59.6536
164.3665,59.4838
164.6052,59.3135
164.8411,59.1429
165.0743,58.9719
165.3048,58.8006
165.5327,58.6289
69.9206,66.2513
70.3322,66.3894
70.7487,66.5263
71.1702,66.6621
71.5967,66.7967
72.0284,66.9301
72.4652,67.0623
72.9072,67.1932
73.3543,67.3229
73.8068,67.4512
74.2645,67.5783
74.7276,67.7039
75.196,67.8282
77.1237,68.311
77.6193,68.4279
161.4761,61.0332
161.7456,60.868
162.0119,60.7024
162.275,60.5363
162.5351,60.3697
163.5453,59.6991
163.7905,59.5304
164.033,59.3614
164.2726,59.1919
164.5095,59.0221
164.7436,58.8519
164.9751,58.6814
165.204,58.5105
70.673,66.2232
71.0885,66.3591
71.509,66.4938
71.9343,66.6273
72.3647,66.7596
72.8002,66.8907
73.2407,67.0206
73.6864,67.1492
74.1371,67.2764
74.5931,67.4024
75.0543,67.5269
76.9519,68.0112
77.4396,68.1286
77.9326,68.2445
159.7374,61.7149
160.0241,61.5533
161.1373,60.9014
161.4074,60.7372
161.6745,60.5724
161.9384,60.4072
162.1992,60.2415
163.4589,59.4064
163.7022,59.2381
163.9428,59.0694
164.1805,58.9004
164.4156,58.731
164.648,58.5613
164.8778,58.3912
165.105,58.2208
71.4235,66.1911
71.8428,66.3248
72.267,66.4572
72.696,66.5885
73.1301,66.7185
73.5691,66.8473
74.0132,66.9748
74.4623,67.101
76.7847,67.7115
77.2648,67.8293
77.75,67.9456
78.2405,68.0605
159.6859,61.4172
159.9697,61.2559
161.0724,60.6054
161.3402,60.4415
161.6048,60.2772
161.8664,60.1123
163.1301,59.2814
163.3743,59.1139
163.6156,58.9461
164.0903,58.6093
164.3236,58.4403
164.5543,58.271
164.7824,58.1014
72.1717,66.1551
72.5946,66.2865
73.455,66.5457
73.8925,66.6734
77.5724,67.6469
158.7723,61.5992
159.0634,61.4399
159.3511,61.2801
159.6355,61.1198
159.9166,60.9588
160.7406,60.4728
161.009,60.3098
161.2743,60.1463
163.0491,58.9889
163.2913,58.8218
163.5308,58.6544
163.7676,58.4866
164.0018,58.3185
164.2333,58.1499
164.4623,57.9811
164.6888,57.8119
77.875,67.464
78.3553,67.5783
78.8407,67.691
158.145,61.6172
158.4399,61.4595
158.7314,61.3012
159.0196,61.1423
159.3045,60.9828
159.5861,60.8227
159.8645,60.6621
160.1398,60.501
160.4119,60.3394
160.6809,60.1772
160.9469,60.0145
161.2098,59.8514
162.7266,58.8629
162.9696,58.6967
163.2099,58.5301
163.4475,58.3631
163.6825,58.1957
163.9149,58.028
164.1448,57.8599
164.3721,57.6915
78.6504,67.3939
157.5169,61.6319
157.8156,61.4758
158.1108,61.319
158.4028,61.1616
158.6914,61.0036
158.9767,60.845
159.2589,60.6858
159.5378,60.5261
159.8136,60.3658
160.0862,60.2051
160.3558,60.0437
160.6224,59.8819
160.886,59.7196
161.1466,59.5568
162.6507,58.5707
162.8917,58.4049
163.1301,58.2387
163.3659,58.0721
163.5991,57.9052
163.8297,57.7379
164.0579,57.5702
164.2836,57.4022
157.1906,61.4888
157.4895,61.3336
157.7852,61.1777
158.0775,61.0212
158.3665,60.864
158.6522,60.7063
158.9348,60.5481
159.2142,60.3892
159.4904,60.2298
159.7636,60.0699
160.0338,59.9095
160.3009,59.7485
160.5651,59.5871
160.8263,59.4251
161.0847,59.2627
162.3344,58.4439
162.5762,58.2789
162.8153,58.1135
163.0518,57.9477
163.2858,57.7815
163.5172,57.615
163.7462,57.4481
163.9726,57.2809
164.1967,57.1133
156.8677,61.3449
157.1669,61.1906
157.4628,61.0356
157.7554,60.88
158.0448,60.7237
158.3309,60.5669
158.6139,60.4095
158.8937,60.2516
159.1704,60.093
159.4441,59.934
159.7148,59.7744
159.9824,59.6143
160.2471,59.4537
160.5089,59.2926
162.2632,58.1521
162.5031,57.9875
162.7403,57.8225
162.975,57.6571
163.2072,57.4913
163.4369,57.3252
163.6641,57.1587
163.8889,56.9919
156.8476,61.0468
157.1438,60.8927
157.4366,60.738
157.7263,60.5826
158.0128,60.4267
158.2961,60.2702
158.5763,60.1131
158.8535,59.9554
159.1276,59.7972
159.3987,59.6385
159.6669,59.4792
159.9321,59.3195
160.1944,59.1592
161.953,58.0244
162.1935,57.8606
162.4314,57.6964
162.6668,57.5318
162.8997,57.3668
163.1301,57.2014
163.3581,57.0357
163.5836,56.8697
163.8068,56.7033
156.5316,60.9022
156.828,60.749
157.1211,60.5952
157.411,60.4408
157.6978,60.2857
157.9815,60.1301
158.262,59.9738
158.5396,59.817
158.8141,59.6597
159.0856,59.5018
159.3542,59.3434
159.6199,59.1845
159.8828,59.0251
161.8864,57.7329
162.125,57.5695
162.8257,57.0769
163.0544,56.912
163.2807,56.7467
163.5046,56.581
163.7262,56.4151
163.9454,56.2488
155.9191,60.9086
156.2189,60.757
156.5154,60.6046
156.8087,60.4517
157.0989,60.2981
157.3859,60.144
157.6699,59.9892
157.9508,59.8338
158.2287,59.6779
158.5035,59.5214
158.7755,59.3644
159.0445,59.2068
159.3106,59.0487
159.5739,58.8901
159.8344,58.731
162.7532,56.7874
162.9801,56.6229
163.2047,56.458
163.427,56.2928
163.6469,56.1272
163.8646,55.9613
155.9094,60.6109
156.2061,60.4595
156.4995,60.3075
156.7899,60.1548
157.0772,60.0015
157.3614,59.8476
157.6425,59.6931
157.9207,59.538
158.1959,59.3824
158.4682,59.2262
158.7376,59.0694
159.0042,58.9122
159.2679,58.7544
159.5288,58.5962
163.1301,56.1697
163.3508,56.0049
163.5692,55.8397
155.6031,60.4642
155.8999,60.3137
156.1935,60.1625
156.484,60.0107
156.7715,59.8582
157.0559,59.7052
157.3373,59.5516
157.6158,59.3974
157.8913,59.2426
158.1639,59.0872
158.4336,58.9313
158.7005,58.7749
158.9647,58.618
159.226,58.4606
162.8355,56.0458
163.2759,55.7174
163.4927,55.5526
155.3,60.3168
155.5968,60.1671
155.8905,60.0168
156.1812,59.8659
156.4688,59.7143
156.7534,59.5621
157.035,59.4094
157.3137,59.256
157.5895,59.102
157.8624,58.9476
158.1325,58.7925
158.3997,58.6369
158.6642,58.4808
158.9259,58.3242
162.5432,55.9212
162.7652,55.7579
162.9849,55.5942
163.2023,55.4302
155,60.1687
155.2969,60.0199
155.5907,59.8705
155.8814,59.7204
156.1691,59.5697
156.4539,59.4184
156.7357,59.2664
157.0146,59.1139
157.2906,58.9608
157.5638,58.8072
157.8341,58.653
158.1017,58.4982
158.3665,58.3429
158.6285,58.1871
158.8879,58.0308
162.0284,55.9581
162.2532,55.7958
162.4757,55.6332
162.696,55.4703
162.9142,55.3071
163.1301,55.1435
154.4032,60.1671
154.7031,60.0199
155,59.872
155.2938,59.7234
155.5846,59.5742
155.8725,59.4244
156.1573,59.2739
156.4393,59.1228
156.7184,58.9711
156.9946,58.8189
157.268,58.6661
157.5385,58.5127
157.8064,58.3588
158.0715,58.2043
158.3338,58.0493
158.5936,57.8939
161.9654,55.6697
162.1885,55.5079
162.4094,55.3457
162.6281,55.1832
162.8447,55.0203
154.4093,59.8705
154.7062,59.7234
155,59.5757
155.2908,59.4274
155.5787,59.2784
155.8637,59.1288
156.1458,58.9785
156.425,58.8277
156.7014,58.6763
156.9749,58.5243
157.2457,58.3717
157.5138,58.2186
157.7792,58.065
158.0418,57.9108
161.9035,55.3818
162.125,55.2204
162.3443,55.0586
162.7764,54.734
154.4154,59.5742
154.7092,59.4274
155,59.2799
155.2879,59.1317
155.5729,58.983
155.8551,58.8336
156.1344,58.6836
156.4109,58.533
156.6847,58.3818
156.9557,58.2301
157.224,58.0778
157.4895,57.925
161.8428,55.0943
162.0626,54.9333
162.2803,54.7719
154.4213,59.2784
154.7121,59.1317
155,58.9844
155.285,58.8365
155.5673,58.688
155.8467,58.5388
156.1233,58.389
156.3972,58.2387
156.6683,58.0878
156.9368,57.9364
157.2026,57.7844
157.4658,57.6318
157.7263,57.4788
161.7831,54.8072
162.0013,54.6465
162.2174,54.4855
154.715,58.8365
155,58.6894
155.2822,58.5417
155.5617,58.3934
155.8384,58.2445
156.1124,58.0949
156.3837,57.9449
156.6523,57.7942
156.9183,57.643
157.1817,57.4913
161.941,54.3603
162.1555,54.1997
154.1449,58.8336
154.4327,58.688
154.7178,58.5417
155,58.3948
155.2795,58.2473
155.5563,58.0992
155.8303,57.9505
156.1017,57.8013
156.3705,57.6515
156.6366,57.5011
161.8817,54.0744
153.2816,58.9711
153.575,58.8277
153.8656,58.6836
154.1533,58.5388
154.4383,58.3934
154.7205,58.2473
155,58.1007
155.2768,57.9534
155.5509,57.8055
155.8224,57.6571
156.0912,57.508
156.3575,57.3585
156.6212,57.2083
160.9571,54.425
161.1768,54.2665
152.7094,58.9608
153.0054,58.8189
153.2986,58.6763
153.5891,58.533
153.8767,58.389
154.1616,58.2445
154.4438,58.0992
154.7232,57.9534
155,57.8069
155.2741,57.6599
155.5457,57.5122
155.8146,57.364
156.0809,57.2152
156.3447,57.0659
160.686,54.2963
160.9061,54.1385
151.5318,59.2262
151.8361,59.0872
152.1376,58.9476
152.7321,58.6661
153.0251,58.5243
153.3153,58.3818
153.6028,58.2387
153.8876,58.0949
154.1697,57.9505
154.4491,57.8055
154.7259,57.6599
155,57.5136
155.2715,57.3668
155.5405,57.2194
155.8069,57.0714
156.0708,56.9229
156.3322,56.7738
150.6458,59.3434
150.9555,59.2068
151.2624,59.0694
151.5664,58.9313
151.8675,58.7925
152.1659,58.653
152.4615,58.5127
152.7543,58.3717
153.0443,58.2301
153.3317,58.0878
153.6163,57.9449
153.8983,57.8013
154.1776,57.6571
154.4543,57.5122
154.7285,57.3668
155,57.2208
155.269,57.0742
155.5355,56.927
155.7994,56.7792
156.0609,56.631
159.9271,54.1929
149.4349,59.5871
149.7529,59.4537
150.0679,59.3195
150.3801,59.1845
150.6894,59.0487
150.9958,58.9122
151.2995,58.7749
151.6003,58.6369
151.8983,58.4982
152.1936,58.3588
152.4862,58.2186
152.776,58.0778
153.0632,57.9364
153.3477,57.7942
153.6295,57.6515
153.9088,57.508
154.1854,57.364
154.4595,57.2194
154.731,57.0742
155,56.9283
155.2665,56.782
155.5305,56.635
155.7921,56.4875
159.8852,53.9062
160.1065,53.7506
149.1737,59.4251
149.491,59.2926
149.8056,59.1592
150.1172,59.0251
150.4261,58.8901
150.7321,58.7544
151.0354,58.618
151.3358,58.4808
151.6335,58.3429
151.9285,58.2043
152.2208,58.065
152.5105,57.925
152.7974,57.7844
153.0817,57.643
153.3634,57.5011
153.6425,57.3585
153.9191,57.2152
154.1931,57.0714
154.4645,56.927
154.7335,56.782
155,56.6364
155.264,56.4902
155.5256,56.3435
155.7848,56.1962
159.844,53.6201
148.9153,59.2627
149.2321,59.131
149.5461,58.9985
149.8572,58.8651
150.1656,58.731
150.4712,58.5962
150.774,58.4606
151.0741,58.3242
151.3715,58.1871
151.6662,58.0493
151.9581,57.9108
152.2475,57.7717
152.5342,57.6318
152.8184,57.4913
153.0999,57.3501
153.3789,57.2083
153.6553,57.0659
153.9292,56.9229
154.2006,56.7792
154.4695,56.635
154.736,56.4902
155,56.3448
155.2616,56.1989
155.5208,56.0524
155.7777,55.9054
159.8035,53.3343
148.6598,59.0998
148.976,58.9689
149.2894,58.8372
149.6,58.7047
149.9079,58.5715
150.213,58.4374
150.5154,58.3026
150.8151,58.1671
151.1121,58.0308
151.4064,57.8939
151.6981,57.7562
151.9872,57.6178
152.2737,57.4788
152.5576,57.339
152.8389,57.1987
153.1177,57.0577
153.394,56.916
153.6678,56.7738
153.9391,56.631
154.2079,56.4875
154.4744,56.3435
154.7384,56.1989
155,56.0537
155.2592,55.908
155.5162,55.7618
147.7676,59.1942
148.0888,59.0657
148.4071,58.9365
148.7227,58.8064
149.0355,58.6755
149.3456,58.5439
149.6529,58.4114
149.9576,58.2782
150.2595,58.1442
150.5588,58.0095
150.8554,57.874
151.1494,57.7379
151.4407,57.601
151.7295,57.4634
152.0157,57.3252
152.2994,57.1863
152.5805,57.0467
152.8591,56.9065
153.1352,56.7657
153.4089,56.6242
153.6801,56.4821
153.9488,56.3395
154.2152,56.1962
154.4791,56.0524
154.7407,55.908
155,55.7631
155.2569,55.6176
155.5116,55.4716
159.5078,52.9181
147.1959,59.1555
147.5191,59.0288
147.8396,58.9012
148.1572,58.7727
148.4722,58.6435
148.7844,58.5134
149.0939,58.3826
149.4007,58.2509
149.7048,58.1185
150.0063,57.9853
150.3051,57.8514
150.6013,57.7168
150.8949,57.5814
151.1859,57.4453
151.4744,57.3086
151.7603,57.1711
152.0437,57.033
152.3246,56.8942
152.603,56.7548
152.8789,56.6148
153.1524,56.4741
153.4234,56.3328
153.6921,56.1909
153.9584,56.0485
154.2223,55.9054
154.4838,55.7618
154.7431,55.6176
155,55.4729
155.2547,55.3277
155.507,55.1819
159.0349,52.9394
146.6257,59.1139
146.9509,58.9889
147.2734,58.8629
147.5931,58.7362
147.9101,58.6085
148.2243,58.4801
148.5359,58.3508
148.8448,58.2208
149.1511,58.09
149.4547,57.9583
149.7557,57.826
150.054,57.6929
150.3498,57.559
150.643,57.4245
150.9337,57.2892
151.2218,57.1532
151.5074,57.0166
151.7905,56.8792
152.0711,56.7412
152.3493,56.6026
152.625,56.4633
152.8983,56.3235
153.1693,56.1829
153.4378,56.0418
153.7039,55.9001
153.9678,55.7579
154.2293,55.615
154.4884,55.4716
154.7453,55.3277
155,55.1832
155.2524,55.0382
155.5026,54.8927
158.5615,52.9584
158.7826,52.8066
145.7274,59.1919
146.3844,58.9461
146.7087,58.8218
147.0304,58.6967
147.3493,58.5707
147.6656,58.4439
147.9792,58.3163
148.2902,58.1878
148.5985,58.0586
148.9041,57.9286
149.2072,57.7978
149.5077,57.6662
149.8056,57.5339
150.1009,57.4008
150.3937,57.267
150.684,57.1326
150.9717,56.9974
151.257,56.8615
151.5398,56.725
151.8202,56.5878
152.0981,56.4499
152.3736,56.3114
152.6467,56.1723
152.9174,56.0326
153.1858,55.8923
153.4518,55.7513
153.7156,55.6098
153.977,55.4677
154.2361,55.3251
154.493,55.1819
154.7476,55.0382
155,54.8939
155.2502,54.7491
155.4982,54.6039
158.5323,52.6733
145.1589,59.1429
145.4905,59.0221
145.8195,58.9004
146.1457,58.7779
146.4692,58.6544
146.7901,58.5301
147.1083,58.4049
147.4238,58.2789
147.7368,58.1521
148.047,58.0244
148.3547,57.896
148.6598,57.7667
148.9623,57.6367
149.2623,57.5059
149.5597,57.3744
149.8546,57.2422
150.1469,57.1092
150.4368,56.9755
150.7242,56.8411
151.0091,56.706
151.2916,56.5703
151.5716,56.4338
151.8493,56.2968
152.1245,56.159
152.3974,56.0207
152.668,55.8817
152.9362,55.7422
153.2021,55.602
153.727,55.32
153.986,55.1781
154.2428,55.0356
154.4974,54.8927
154.7498,54.7491
155,54.6051
155.248,54.4606
155.4939,54.3155
144.2562,59.209
144.5923,59.0909
144.9257,58.9719
145.2564,58.8519
145.5844,58.731
145.9097,58.6093
146.2324,58.4866
146.5525,58.3631
146.8699,58.2387
147.1847,58.1135
147.4969,57.9875
147.8065,57.8606
148.1136,57.7329
148.418,57.6045
148.72,57.4753
149.0194,57.3453
149.3163,57.2146
149.6107,57.0831
149.9026,56.9509
150.192,56.818
150.479,56.6844
150.7636,56.5501
151.0457,56.4151
151.3255,56.2794
151.6029,56.1431
151.8779,56.0062
152.1505,55.8686
152.4209,55.7304
152.6889,55.5916
152.9546,55.4522
154.2495,54.7466
154.752,54.4606
155,54.3168
155.2459,54.1725
155.4897,54.0277
155.7314,53.8824
143.6901,59.1525
144.0278,59.0361
144.3628,58.9188
144.6952,58.8006
145.0249,58.6814
145.3519,58.5613
145.6764,58.4403
145.9982,58.3185
146.3175,58.1957
146.6341,58.0721
146.9482,57.9477
147.2596,57.8225
147.5686,57.6964
147.875,57.5695
148.1788,57.4418
148.4802,57.3134
148.7791,57.1842
149.0754,57.0543
149.3693,56.9236
149.6608,56.7921
149.9498,56.66
150.2364,56.5272
150.5206,56.3936
150.8023,56.2594
151.0817,56.1246
151.3588,55.989
151.6335,55.8529
151.9059,55.716
152.176,55.5786
152.4438,55.4406
152.7094,55.3019
155,54.0289
155.2438,53.8848
155.4855,53.7403
155.7252,53.5952
142.7843,59.2068
143.1262,59.0932
143.4654,58.9785
143.802,58.8629
144.1359,58.7464
144.4673,58.6289
144.796,58.5105
145.1222,58.3912
145.4457,58.271
145.7667,58.1499
146.0851,58.028
146.4009,57.9052
146.7142,57.7815
147.025,57.6571
147.3332,57.5318
147.6389,57.4057
147.9422,57.2788
148.2429,57.1511
148.5412,57.0227
148.837,56.8935
149.1304,56.7636
149.4214,56.633
149.7099,56.5016
149.9961,56.3696
150.2799,56.2368
150.5613,56.1034
150.8404,55.9693
151.1171,55.8345
151.3915,55.6991
151.6637,55.563
151.9335,55.4264
152.2011,55.2891
155.2417,53.5977
155.4815,53.4533
155.7192,53.3086
142.5645,59.031
142.9052,58.9181
143.2433,58.8042
143.5788,58.6894
143.9117,58.5736
144.242,58.4569
144.5698,58.3393
144.895,58.2208
145.2176,58.1014
145.5377,57.9811
145.8552,57.8599
146.1703,57.7379
146.4828,57.615
146.7928,57.4913
147.1003,57.3668
147.4053,57.2415
147.7079,57.1154
148.0081,56.9885
148.3058,56.8608
148.601,56.7324
148.8939,56.6033
149.1844,56.4734
149.4725,56.3428
149.7582,56.2115
150.0415,56.0795
150.3226,55.9469
150.6013,55.8135
150.8777,55.6795
151.1518,55.5449
151.4237,55.4096
151.9606,55.1371
155.4775,53.1669
155.7132,53.0224
155.947,52.8774
157.9649,51.5534
142.0054,58.966
142.3474,58.8548
142.6869,58.7427
143.0239,58.6296
143.3582,58.5156
143.6901,58.4006
144.0193,58.2847
144.3461,58.1678
144.6703,58.05
144.992,57.9314
145.3112,57.8119
145.6279,57.6915
145.9421,57.5702
146.2538,57.4481
146.5631,57.3252
146.8699,57.2014
147.1742,57.0769
147.4762,56.9516
147.7757,56.8254
148.0728,56.6986
148.3675,56.5709
148.6598,56.4425
148.9498,56.3134
149.2374,56.1836
149.5226,56.0531
149.8056,55.9218
150.0862,55.7899
150.3645,55.6573
150.6406,55.5241
150.9144,55.3902
151.1859,55.2557
155.7073,52.7366
155.9392,52.5919
157.7263,51.4189
142.1329,58.6785
142.4712,58.5671
142.807,58.4548
143.1402,58.3415
143.471,58.2272
143.7992,58.1121
144.125,57.996
144.4482,57.879
144.769,57.7611
145.0872,57.6423
145.4031,57.5227
145.7164,57.4022
146.0274,57.2809
146.3359,57.1587
146.6419,57.0357
146.9456,56.912
147.2468,56.7874
147.5457,56.662
147.8422,56.5359
148.1363,56.409
148.4281,56.2814
148.7175,56.1531
149.0046,56.024
149.2894,55.8942
149.5719,55.7638
149.8521,55.6326
150.1301,55.5008
150.4057,55.3683
150.6792,55.2351
150.9504,55.1013
151.2194,54.9669
151.4863,54.8319
155.7016,52.4514
155.9316,52.3069
156.1597,52.162
157.4895,51.284
141.9209,58.5018
142.258,58.3912
142.5926,58.2796
142.9247,58.1671
143.2544,58.0536
143.5816,57.9392
143.9063,57.8239
144.2285,57.7076
144.5484,57.5905
144.8658,57.4725
145.1807,57.3536
145.4932,57.2339
145.8033,57.1133
146.1111,56.9919
146.4164,56.8697
146.7193,56.7467
147.0199,56.6229
147.3181,56.4983
147.614,56.3729
147.9075,56.2468
148.1987,56.1199
148.4876,55.9923
148.7742,55.864
149.0585,55.735
149.3405,55.6053
149.6203,55.4749
149.8978,55.3438
150.1731,55.212
150.4462,55.0796
150.7171,54.9466
150.9858,54.8129
151.2524,54.6786
155.6959,52.1666
155.924,52.0224
156.1504,51.8778
157.2546,51.1485
141.373,58.4338
141.7113,58.3249
142.0472,58.2151
142.3807,58.1042
142.7117,57.9924
143.0402,57.8797
143.3664,57.766
143.6901,57.6515
144.0114,57.536
144.3302,57.4196
144.6467,57.3023
144.9607,57.1842
145.2724,57.0652
145.5817,56.9454
145.8886,56.8248
146.1932,56.7033
146.4954,56.581
146.7953,56.458
147.0928,56.3341
147.3881,56.2095
147.681,56.0842
147.9716,55.9581
148.2599,55.8312
148.546,55.7036
148.8298,55.5754
149.1114,55.4464
149.3907,55.3167
149.6678,55.1864
149.9427,55.0554
150.2155,54.9237
150.486,54.7914
150.7544,54.6585
151.0206,54.5249
155.4621,52.0259
156.1412,51.5941
156.3639,51.4493
156.5849,51.3041
141.5043,58.1478
141.8389,58.0387
142.1712,57.9286
142.5011,57.8175
142.8285,57.7055
143.1536,57.5926
143.4763,57.4788
143.7966,57.364
144.1145,57.2484
144.43,57.1319
144.7432,57.0145
145.054,56.8963
145.3625,56.7772
145.6686,56.6573
145.9724,56.5366
146.2739,56.4151
146.573,56.2928
146.8699,56.1697
147.1645,56.0458
147.4568,55.9212
147.7468,55.7958
148.0346,55.6697
148.3201,55.5429
148.6034,55.4154
148.8845,55.2871
149.1634,55.1582
149.44,55.0286
149.7146,54.8984
149.9869,54.7674
150.2571,54.6359
150.5251,54.5037
150.791,54.3708
151.0548,54.2374
155.2301,51.8846
156.1322,51.3108
156.3532,51.1663
156.7899,50.8761
140.6255,58.1843
140.9638,58.0778
141.2996,57.9704
141.6331,57.862
141.9642,57.7526
142.2929,57.6423
142.6192,57.5311
142.9432,57.4189
143.2649,57.3058
143.5842,57.1918
143.9011,57.0769
144.2157,56.9611
144.528,56.8445
144.8379,56.727
145.1455,56.6087
145.4509,56.4895
145.7539,56.3696
146.0546,56.2488
146.3531,56.1272
146.6492,56.0049
146.9432,55.8817
147.2348,55.7579
147.5243,55.6332
147.8115,55.5079
148.0965,55.3818
148.3792,55.255
148.6598,55.1275
148.9382,54.9993
149.2144,54.8705
149.4885,54.741
149.7605,54.6108
150.0303,54.4799
150.2979,54.3485
150.5635,54.2164
150.827,54.0836
156.1233,51.028
156.3426,50.8838
140.7627,57.8995
141.0973,57.7928
141.4296,57.6851
141.7595,57.5765
142.0871,57.4669
142.4123,57.3564
142.7352,57.2449
143.0558,57.1326
143.3741,57.0193
143.6901,56.9051
144.0037,56.7901
144.3151,56.6742
144.6242,56.5575
144.9309,56.4399
145.2354,56.3214
145.5377,56.2022
145.8376,56.0822
146.1354,55.9613
146.4308,55.8397
146.7241,55.7174
147.0151,55.5942
147.304,55.4703
147.5906,55.3457
147.875,55.2204
148.1572,55.0943
148.4373,54.9675
148.7152,54.8401
148.991,54.712
149.2646,54.5832
149.5361,54.4537
149.8056,54.3236
150.0729,54.1929
150.3381,54.0615
140.8974,57.615
141.2284,57.508
141.5571,57.4001
141.8836,57.2913
142.2077,57.1814
142.5295,57.0707
142.8491,56.9591
143.1664,56.8465
143.4813,56.7331
143.7941,56.6188
144.1045,56.5036
144.4127,56.3876
144.7186,56.2708
145.0223,56.1531
145.3237,56.0346
145.6229,55.9153
145.9199,55.7952
146.2147,55.6743
146.5073,55.5526
146.7976,55.4302
147.0858,55.3071
147.3719,55.1832
147.6557,55.0586
147.9374,54.9333
148.2169,54.8072
148.4944,54.6805
148.7697,54.5531
149.0429,54.425
149.314,54.2963
149.583,54.1669
149.8499,54.0369
150.1148,53.9062
156.106,50.464
140.3676,57.5422
140.6997,57.437
141.0295,57.3307
141.3571,57.2235
141.6824,57.1154
142.0054,57.0063
142.3261,56.8963
142.6446,56.7853
142.9609,56.6735
143.2749,56.5608
143.5867,56.4472
143.8962,56.3328
144.2035,56.2175
144.5085,56.1014
144.8114,55.9844
145.112,55.8666
145.4104,55.7481
145.7067,55.6287
146.0007,55.5085
146.2926,55.3876
146.5823,55.2659
146.8699,55.1435
147.1553,55.0203
147.4386,54.8965
147.7197,54.7719
147.9987,54.6465
148.2756,54.5206
148.5505,54.3939
148.8232,54.2665
149.0939,54.1385
149.3625,54.0098
149.629,53.8805
139.8405,57.4669
140.1735,57.3633
140.5043,57.2587
140.8329,57.1532
141.1593,57.0467
141.4834,56.9393
141.8053,56.8309
142.125,56.7216
142.4424,56.6114
142.7577,56.5003
143.0707,56.3883
143.3815,56.2754
143.6901,56.1617
143.9965,56.0471
144.3006,55.9317
144.6027,55.8155
144.9025,55.6984
145.2002,55.5806
145.4956,55.4619
145.789,55.3425
146.0802,55.2223
146.3692,55.1013
146.6561,54.9796
146.9409,54.8572
147.2236,54.734
147.5042,54.6101
147.7826,54.4855
148.059,54.3603
148.3333,54.2343
148.6056,54.1077
148.8758,53.9804
149.144,53.8524
149.4101,53.7239
139.9816,57.1842
140.3112,57.0803
140.6386,56.9755
140.9638,56.8697
141.2867,56.7629
141.6075,56.6553
141.9261,56.5467
142.2425,56.4372
142.5567,56.3268
142.8687,56.2155
143.1785,56.1034
143.4862,55.9903
143.7917,55.8765
144.095,55.7618
144.3961,55.6463
144.6952,55.5299
144.992,55.4128
145.2867,55.2949
145.5793,55.1761
145.8698,55.0567
146.1582,54.9364
146.4444,54.8154
146.7286,54.6937
147.0107,54.5713
147.2907,54.4481
147.5686,54.3242
147.8445,54.1997
148.1183,54.0744
148.39,53.9485
148.6598,53.8219
148.9275,53.6947
149.457,53.4383
149.7188,53.3092
149.9785,53.1794
150.2364,53.0491
150.4922,52.9181
139.1288,57.2083
139.4615,57.1071
139.792,57.0049
140.1203,56.9017
140.4464,56.7976
140.7704,56.6925
141.0922,56.5864
141.4119,56.4795
141.7294,56.3716
142.0447,56.2628
142.3578,56.1531
142.6689,56.0425
142.9777,55.9311
143.2844,55.8188
143.589,55.7056
143.8914,55.5916
144.1918,55.4768
144.49,55.3612
144.786,55.2447
145.08,55.1275
145.3718,55.0095
145.6616,54.8908
145.9493,54.7712
146.2349,54.6509
146.5184,54.5299
146.7999,54.4082
147.0793,54.2857
147.3566,54.1626
147.632,54.0387
147.9053,53.9142
148.1765,53.789
148.4458,53.6631
148.7131,53.5366
148.9784,53.4094
149.2417,53.2816
149.5031,53.1532
149.7625,53.0241
150.02,52.8945
150.2755,52.7643
150.5292,52.6334
150.7809,52.502
151.0307,52.3701
151.2787,52.2376
139.2753,56.927
139.6045,56.8254
139.9315,56.7229
140.2564,56.6195
140.5792,56.5151
140.8999,56.4097
141.2184,56.3034
141.5348,56.1962
141.849,56.0881
142.1612,55.9791
142.4712,55.8693
142.7791,55.7585
143.0849,55.6469
143.3885,55.5345
143.6901,55.4212
143.9895,55.3071
144.2869,55.1922
144.5821,55.0764
144.8753,54.9599
145.1664,54.8426
145.4555,54.7246
145.7424,54.6057
146.0274,54.4862
146.3103,54.3659
146.5911,54.2448
146.8699,54.1231
147.1467,54.0006
147.4215,53.8775
147.6942,53.7537
147.965,53.6292
148.2338,53.504
148.5007,53.3782
148.7655,53.2517
149.0284,53.1246
149.2894,52.9969
149.5484,52.8685
149.8056,52.7396
150.0608,52.61
150.3141,52.4799
150.5655,52.3492
150.8151,52.2179
151.0628,52.0861
151.3086,51.9537
151.5526,51.8208
138.7612,56.8465
139.0912,56.7467
139.4191,56.6458
139.7449,56.544
140.0686,56.4412
140.3902,56.3375
140.7097,56.2328
141.0271,56.1272
141.3424,56.0207
141.6555,55.9133
141.9666,55.805
142.2756,55.6958
142.5826,55.5858
142.8874,55.4749
143.1901,55.3631
143.4908,55.2505
143.7894,55.1371
144.0859,55.0229
144.3803,54.9079
144.6727,54.7921
144.9631,54.6755
145.2514,54.5581
145.5377,54.44
145.8219,54.3211
146.1041,54.2015
146.3844,54.0812
146.6626,53.9601
146.9388,53.8384
147.213,53.7159
147.4852,53.5928
147.7555,53.469
148.0238,53.3445
148.2902,53.2194
148.5546,53.0936
148.8171,52.9672
149.0776,52.8402
149.3363,52.7126
149.593,52.5843
149.8479,52.4555
150.1009,52.326
150.352,52.196
150.6013,52.0654
150.8487,51.9343
151.0943,51.8026
151.3381,51.6704
151.58,51.5376
138.5805,56.6654
138.9092,56.5662
139.2358,56.466
139.5604,56.3649
139.8828,56.2628
140.2032,56.1597
140.5216,56.0557
140.8378,55.9508
141.152,55.845
141.4641,55.7383
141.7742,55.6306
142.0822,55.5221
142.3881,55.4128
142.692,55.3026
142.9938,55.1915
143.2936,55.0796
143.5913,54.9669
143.887,54.8534
144.1806,54.7391
144.4722,54.6239
144.7618,54.508
145.0494,54.3914
145.3349,54.274
145.6185,54.1558
145.9,54.0369
146.1796,53.9173
146.4572,53.7969
146.7328,53.6759
147.0065,53.5541
147.2782,53.4317
147.5479,53.3086
147.8157,53.1848
148.0816,53.0604
148.3456,52.9353
148.6076,52.8096
148.8678,52.6832
149.126,52.5563
149.3824,52.4287
149.6369,52.3006
149.8896,52.1718
150.1404,52.0425
150.3894,51.9126
150.6365,51.7822
150.8818,51.6511
151.1253,51.5196
151.3671,51.3875
151.607,51.2549
138.4019,56.4842
138.7293,56.3856
139.0546,56.2861
139.3779,56.1856
139.6991,56.0842
140.0184,55.9818
140.3355,55.8785
140.6507,55.7742
140.9638,55.6691
141.2748,55.563
141.5838,55.4561
141.8908,55.3483
142.1957,55.2396
142.4986,55.1301
142.7995,55.0197
143.0984,54.9085
143.3952,54.7965
143.6901,54.6836
143.9829,54.57
144.2737,54.4556
144.5625,54.3404
144.8493,54.2244
145.1342,54.1077
145.4171,53.9902
145.6979,53.872
145.9769,53.753
146.2538,53.6334
146.5289,53.513
146.8019,53.392
147.0731,53.2702
147.3423,53.1478
147.6096,53.0247
147.875,52.901
148.1385,52.7766
148.4001,52.6516
148.6598,52.5259
148.9177,52.3997
149.1737,52.2728
149.4278,52.1453
149.6801,52.0173
149.9306,51.8886
150.1792,51.7594
150.4261,51.6297
150.6711,51.4993
150.9144,51.3685
151.1559,51.2371
151.3956,51.1051
138.2253,56.3028
138.5514,56.2049
138.8754,56.106
139.1975,56.0062
139.5175,55.9054
139.8355,55.8037
140.1516,55.701
140.4655,55.5975
140.7775,55.493
141.0875,55.3876
141.3955,55.2814
141.7014,55.1742
142.0054,55.0662
142.3073,54.9574
142.6073,54.8477
142.9052,54.7372
143.2012,54.6258
143.4952,54.5137
143.7872,54.4007
144.0772,54.287
144.3652,54.1725
144.6513,54.0572
144.9354,53.9411
145.2176,53.8244
145.4978,53.7068
145.7761,53.5886
146.0524,53.4696
146.3268,53.3499
146.5993,53.2296
146.8699,53.1085
147.1386,52.9868
147.4053,52.8644
147.6703,52.7413
147.9333,52.6176
148.1944,52.4933
148.4537,52.3683
148.7112,52.2428
148.9668,52.1166
149.2205,51.9898
149.4725,51.8624
149.7226,51.7344
149.9709,51.6059
150.2175,51.4768
150.4622,51.3472
150.7052,51.217
150.9465,51.0862
151.1859,50.955
151.4237,50.8232
137.724,56.2175
138.0508,56.1213
138.3755,56.024
138.6983,55.9258
139.0191,55.8266
139.3379,55.7265
139.6547,55.6254
139.9696,55.5234
140.2824,55.4205
140.5933,55.3167
140.9022,55.212
141.2091,55.1064
141.5141,55
141.817,54.8927
142.118,54.7845
142.417,54.6755
142.7141,54.5656
143.0092,54.455
143.3023,54.3435
143.5934,54.2312
143.8827,54.1182
144.1699,54.0043
144.4552,53.8897
144.7386,53.7744
145.0201,53.6583
145.2996,53.5414
145.5772,53.4239
145.8529,53.3056
146.1267,53.1866
146.3986,53.0669
146.6686,52.9465
146.9368,52.8255
147.203,52.7038
147.4674,52.5814
147.7299,52.4584
147.9906,52.3347
148.2495,52.2104
148.5065,52.0855
148.7617,51.96
149.015,51.8339
149.2666,51.7072
149.5164,51.5799
149.7644,51.4521
150.0106,51.3237
150.2551,51.1947
150.4978,51.0652
150.7388,50.9351
150.978,50.8045
151.2155,50.6734
137.8782,55.9396
138.2016,55.843
138.5231,55.7454
138.8427,55.6469
139.1602,55.5474
139.4759,55.447
139.7896,55.3457
140.1013,55.2435
140.4111,55.1403
140.7189,55.0363
141.0248,54.9313
141.3287,54.8256
141.6307,54.7189
141.9307,54.6114
142.2287,54.503
142.5249,54.3939
142.8191,54.2839
143.1113,54.1731
143.4017,54.0615
143.6901,53.9491
143.9765,53.8359
144.2611,53.722
144.5437,53.6073
144.8245,53.4919
145.1033,53.3758
145.3803,53.2589
145.6553,53.1413
145.9285,53.023
146.1998,52.904
146.4692,52.7843
146.7368,52.6639
147.0025,52.5429
147.2664,52.4212
147.5284,52.2988
147.7887,52.1759
148.047,52.0522
148.3036,51.928
148.5584,51.8032
148.8114,51.6778
149.0626,51.5517
149.312,51.4251
149.5597,51.2979
149.8056,51.1702
150.0497,51.0419
150.2921,50.913
150.5328,50.7836
150.7718,50.6537
151.0091,50.5233
151.2447,50.3923
137.3835,55.8529
137.7076,55.7579
138.0297,55.6619
138.3499,55.565
138.6682,55.4671
138.9846,55.3683
139.299,55.2685
139.6115,55.1678
139.9221,55.0662
140.2308,54.9637
140.5375,54.8603
140.8424,54.7561
141.1453,54.6509
141.4462,54.545
141.7453,54.4381
142.0424,54.3304
142.3376,54.2219
142.6309,54.1126
142.9223,54.0025
143.2118,53.8916
143.4994,53.7798
143.7851,53.6674
144.0689,53.5541
144.3508,53.4401
144.6308,53.3253
144.909,53.2099
145.1852,53.0936
145.4596,52.9767
145.7322,52.8591
146.0029,52.7408
146.2717,52.6217
146.5387,52.502
146.8039,52.3817
147.0672,52.2607
147.3288,52.139
147.5885,52.0167
147.8464,51.8938
148.1026,51.7702
148.3569,51.6461
148.6095,51.5213
148.8603,51.3959
149.1094,51.27
149.3567,51.1435
149.6022,51.0164
149.8461,50.8888
150.0882,50.7606
150.3286,50.6318
150.5673,50.5026
150.8044,50.3728
137.2161,55.6704
137.5388,55.576
137.8596,55.4807
138.1786,55.3844
138.4956,55.2871
138.8108,55.189
139.1241,55.0898
139.4354,54.9898
139.7449,54.8889
140.0524,54.787
140.3581,54.6843
140.6619,54.5807
140.9638,54.4762
141.2637,54.3708
141.5618,54.2647
141.858,54.1576
142.1523,54.0498
142.4447,53.9411
143.0239,53.7214
143.3106,53.6104
143.5955,53.4986
143.8785,53.386
144.1597,53.2726
144.439,53.1586
144.7164,53.0437
144.992,52.9282
145.2658,52.8119
145.5377,52.695
145.8078,52.5773
146.076,52.459
146.3424,52.3399
146.6071,52.2203
146.8699,52.0999
147.1309,51.9789
147.3902,51.8573
147.6476,51.735
147.9033,51.6121
148.1572,51.4886
148.4094,51.3645
148.6598,51.2398
148.9085,51.1146
149.1554,50.9887
149.4007,50.8623
149.6442,50.7353
149.886,50.6078
150.1261,50.4797
150.3645,50.3511
150.6013,50.222
136.7274,55.5806
137.0506,55.4878
137.372,55.3941
137.6915,55.2994
138.0092,55.2037
138.325,55.1071
138.6389,55.0095
138.951,54.911
139.2612,54.8116
139.5695,54.7113
139.876,54.6101
140.1806,54.508
140.4833,54.4051
140.7841,54.3013
141.0831,54.1966
141.3802,54.091
141.6755,53.9847
141.9688,53.8775
142.2603,53.7695
142.55,53.6607
142.8378,53.5511
143.1237,53.4407
143.4078,53.3295
143.6901,53.2176
143.9705,53.1049
144.249,52.9915
144.5258,52.8774
144.8007,52.7625
145.0737,52.6469
145.345,52.5306
145.6145,52.4136
145.8821,52.2959
146.148,52.1776
146.4121,52.0586
146.6743,51.9389
146.9349,51.8186
147.1936,51.6976
147.4506,51.576
147.7058,51.4538
147.9593,51.3309
148.211,51.2075
148.461,51.0835
148.7093,50.9589
148.9559,50.8337
149.2008,50.7079
149.444,50.5816
149.6855,50.4547
149.9253,50.3273
150.1634,50.1994
150.3999,50.0709
136.565,55.3973
136.8869,55.3051
137.207,55.212
137.5252,55.1179
137.8416,55.0229
138.1562,54.9269
138.4689,54.83
138.7798,54.7321
139.0889,54.6334
139.3961,54.5337
139.7014,54.4331
140.0049,54.3317
140.3066,54.2294
140.6064,54.1262
140.9044,54.0221
141.2005,53.9173
141.4948,53.8115
141.7872,53.705
142.0779,53.5977
142.3666,53.4895
142.9387,53.2708
143.222,53.1603
143.5034,53.0491
143.7831,52.9371
144.0609,52.8243
144.3369,52.7108
144.6111,52.5966
144.8835,52.4817
145.1542,52.366
145.423,52.2497
145.6901,52.1327
145.9553,52.015
146.2188,51.8966
146.4806,51.7776
146.7406,51.6579
146.9988,51.5376
147.2553,51.4167
147.51,51.2951
147.7631,51.173
148.0144,51.0502
148.264,50.9268
148.5119,50.8029
148.7581,50.6783
149.0026,50.5532
149.2454,50.4276
149.4866,50.3014
149.7261,50.1746
149.964,50.0473
150.2001,49.9195
150.4347,49.7912
150.6677,49.6623
150.899,49.533
136.4046,55.214
136.7251,55.1224
137.0438,55.0299
137.3608,54.9364
137.6759,54.842
137.9892,54.7466
138.3008,54.6503
138.6105,54.5531
138.9184,54.455
139.2244,54.3559
139.5287,54.256
139.8311,54.1552
140.1317,54.0535
140.4305,53.9509
140.7275,53.8475
141.0226,53.7433
141.316,53.6382
141.6075,53.5324
141.8972,53.4257
142.1851,53.3182
142.4712,53.2099
143.3186,52.8803
143.5975,52.769
143.8746,52.6569
144.1499,52.544
144.4234,52.4305
144.6952,52.3162
144.9651,52.2012
145.2333,52.0855
145.4998,51.9692
145.7644,51.8521
146.0274,51.7344
146.2886,51.6161
146.548,51.4971
146.8057,51.3774
147.0617,51.2571
147.316,51.1362
147.5686,51.0147
147.8195,50.8926
148.0686,50.7699
148.3161,50.6466
148.562,50.5227
148.8061,50.3983
149.0486,50.2733
149.2894,50.1477
149.5286,50.0216
149.7661,49.895
150.0021,49.7678
150.2364,49.6401
150.469,49.5119
150.7001,49.3832
150.9296,49.254
151.1575,49.1243
136.2459,55.0305
136.565,54.9396
136.8825,54.8477
137.1981,54.7548
137.8241,54.5662
138.1344,54.4706
138.4429,54.374
138.7497,54.2764
139.0546,54.178
139.9587,53.8775
140.2564,53.7756
140.5524,53.6728
140.8466,53.5692
141.139,53.4648
141.4296,53.3595
141.7184,53.2535
142.0054,53.1466
143.4137,52.6007
143.6901,52.4892
143.9646,52.377
144.2375,52.2641
144.5085,52.1505
144.7778,52.0362
145.0454,51.9212
145.3112,51.8055
145.5753,51.6891
145.8376,51.572
146.0983,51.4543
146.3572,51.336
146.6144,51.217
146.8699,51.0974
147.1237,50.9771
147.3758,50.8562
147.6262,50.7348
147.875,50.6127
148.1221,50.4901
148.3675,50.3668
148.6113,50.243
148.8534,50.1187
149.0939,49.9938
149.3327,49.8683
149.5699,49.7423
149.8056,49.6158
150.0396,49.4887
150.272,49.3612
150.5028,49.2331
150.7321,49.1046
135.7693,54.9364
136.0889,54.8471
136.4068,54.7567
136.7229,54.6654
137.0373,54.5731
137.3499,54.4799
137.6607,54.3858
137.9698,54.2907
138.2772,54.1947
138.5828,54.0978
140.6723,53.395
140.9638,53.2912
141.2534,53.1866
141.5413,53.0812
141.8274,52.9749
143.2317,52.4322
143.5073,52.3214
143.7812,52.2099
144.0533,52.0976
144.3236,51.9846
144.5923,51.871
144.8592,51.7566
145.1244,51.6415
145.3879,51.5258
145.6497,51.4094
145.9097,51.2923
146.1681,51.1746
146.4248,51.0563
146.6797,50.9373
146.9331,50.8177
147.1847,50.6975
147.4347,50.5767
147.683,50.4553
147.9297,50.3333
148.1747,50.2107
148.418,50.0875
148.6598,49.9638
148.8999,49.8396
149.1385,49.7147
149.3754,49.5894
149.6107,49.4635
149.8444,49.3371
150.0766,49.2102
150.3071,49.0828
150.5361,48.9548
150.7636,48.8264
135.2955,54.8401
135.6155,54.7523
135.9337,54.6635
136.8781,54.3914
137.1895,54.2988
137.4991,54.2052
137.807,54.1108
138.1132,54.0154
138.4176,53.9191
138.7203,53.8219
141.079,53.0135
141.366,52.9087
141.6513,52.8031
143.0515,52.2636
143.3263,52.1534
143.5994,52.0425
143.8708,51.9309
144.1405,51.8186
144.4085,51.7055
144.6747,51.5918
144.9393,51.4774
145.2022,51.3623
145.4634,51.2465
145.7229,51.1301
145.9807,51.0131
146.2368,50.8954
146.4913,50.777
146.7441,50.6581
146.9953,50.5385
147.2448,50.4183
147.4927,50.2976
147.7389,50.1762
147.9835,50.0543
148.2265,49.9318
148.4678,49.8087
148.7076,49.6851
148.9458,49.5609
149.1824,49.4362
149.4174,49.3109
149.6508,49.1852
149.8827,49.0589
150.113,48.9321
150.3418,48.8048
150.569,48.6771
135.1448,54.6553
137.0309,54.1175
137.3393,54.0246
137.646,53.9307
137.951,53.8359
138.2543,53.7403
138.5558,53.6437
141.1925,52.7361
141.4768,52.6311
141.7595,52.5254
143.147,51.9852
143.4194,51.8749
143.6901,51.764
143.9591,51.6523
144.2264,51.5399
144.492,51.4268
144.7559,51.313
145.0182,51.1986
145.2788,51.0835
145.5377,50.9677
145.7949,50.8513
146.0505,50.7342
146.3045,50.6165
146.5568,50.4982
146.8075,50.3793
147.0565,50.2598
147.304,50.1396
147.5497,50.0189
147.7939,49.8976
148.0365,49.7757
148.2775,49.6533
148.5169,49.5303
148.7547,49.4068
148.991,49.2827
149.2257,49.1581
149.4588,49.033
149.6904,48.9073
149.9204,48.7812
150.1489,48.6545
136.8739,53.9362
137.1811,53.8439
137.4866,53.7506
137.7904,53.6564
138.0926,53.5614
141.3041,52.459
141.5859,52.3539
143.241,51.7072
143.511,51.5969
143.7793,51.4858
144.0459,51.3741
144.3109,51.2616
144.5742,51.1485
144.8358,51.0347
145.0958,50.9202
145.3542,50.8051
145.6108,50.6893
145.8659,50.5729
146.1193,50.4558
146.3711,50.3381
146.6213,50.2198
146.8699,50.101
147.1169,49.9815
147.3622,49.8614
147.606,49.7407
147.8482,49.6195
148.0888,49.4977
148.3278,49.3753
148.5653,49.2524
148.8012,49.129
149.0355,49.005
149.2683,48.8805
149.4996,48.7555
149.7293,48.63
149.9576,48.504
137.0246,53.6631
137.3289,53.5704
137.6316,53.4768
137.9326,53.3824
138.2319,53.287
141.1331,52.2867
141.414,52.1822
141.6932,52.0769
143.0644,51.5393
143.3336,51.4296
143.6012,51.3192
143.8672,51.2081
144.1315,51.0962
144.3941,50.9837
144.6551,50.8706
144.9145,50.7567
145.1723,50.6422
145.4284,50.5271
145.6829,50.4113
145.9358,50.2949
146.1871,50.1778
146.4368,50.0602
146.6849,49.9419
146.9314,49.8231
147.1763,49.7036
147.4196,49.5836
147.6614,49.463
147.9016,49.3418
148.1402,49.2201
148.3773,49.0978
148.6129,48.975
148.8469,48.8517
149.0794,48.7278
149.3103,48.6034
149.5398,48.4785
149.7677,48.3531
149.9942,48.2272
137.4744,53.2972
141.2438,52.0104
141.5222,51.9058
143.1579,51.2622
143.4248,51.1524
143.6901,51.0419
143.9537,50.9307
144.2157,50.8188
144.4761,50.7063
144.7349,50.5931
144.992,50.4792
145.2476,50.3647
145.5015,50.2495
145.7539,50.1337
146.0047,50.0173
146.2538,49.9003
146.5014,49.7827
146.7475,49.6644
146.9919,49.5456
147.2348,49.4262
147.4762,49.3062
147.716,49.1857
147.9542,49.0646
148.1909,48.943
148.4261,48.8208
148.6598,48.6981
148.892,48.5748
149.1226,48.4511
149.3517,48.3268
149.5794,48.202
149.8056,48.0768
141.0752,51.8385
141.3528,51.7344
141.6287,51.6297
143.7775,50.765
144.0389,50.6537
144.2987,50.5418
144.5568,50.4292
144.8134,50.316
145.0683,50.2021
145.3217,50.0875
145.5735,49.9724
145.8238,49.8566
146.0725,49.7402
146.3196,49.6232
146.5651,49.5056
146.8091,49.3874
147.0516,49.2686
147.2925,49.1493
147.5319,49.0294
147.7698,48.9089
148.0061,48.7879
148.2409,48.6663
148.4742,48.5442
148.7061,48.4216
148.9364,48.2985
149.1652,48.1748
149.3926,48.0507
149.6185,47.926
149.8429,47.8009
141.185,51.563
141.4601,51.4588
141.7335,51.3539
143.603,50.5991
143.8637,50.4884
144.1228,50.3771
144.3803,50.2652
144.6363,50.1525
144.8907,50.0393
145.1435,49.9254
145.3948,49.8108
145.6445,49.6957
145.8927,49.5799
146.1393,49.4635
146.3844,49.3465
146.6279,49.229
146.8699,49.1108
147.1104,48.9921
147.3493,48.8728
147.5868,48.7529
147.8228,48.6325
148.0572,48.5116
148.2902,48.3901
148.5216,48.2681
148.7516,48.1456
148.9801,48.0226
149.2072,47.899
149.4328,47.775
149.6569,47.6505
141.0188,51.3914
141.293,51.2879
141.5657,51.1835
141.8368,51.0785
142.1063,50.9727
142.3742,50.8662
143.6901,50.323
143.9485,50.2123
144.2055,50.101
144.4608,49.9889
144.7146,49.8763
144.9669,49.763
145.2176,49.6491
145.4668,49.5345
145.7144,49.4194
145.9605,49.3036
146.2051,49.1873
146.4482,49.0703
146.6897,48.9528
146.9298,48.8347
147.1683,48.716
147.4053,48.5968
147.6409,48.477
147.875,48.3567
148.1076,48.2358
148.3387,48.1144
148.5684,47.9925
148.7966,47.8701
149.0233,47.7472
149.2486,47.6238
149.4725,47.4999
140.8542,51.2198
141.1276,51.1168
141.3995,51.0131
141.6697,50.9086
141.9384,50.8034
142.2056,50.6975
143.7758,50.0473
144.0321,49.9366
144.2869,49.8252
144.5401,49.7132
144.7918,49.6005
145.0419,49.4872
145.2906,49.3732
145.5377,49.2587
145.7833,49.1435
146.0274,49.0278
146.27,48.9115
146.5111,48.7946
146.7507,48.6771
146.9888,48.559
147.2254,48.4404
147.4606,48.3212
147.6942,48.2015
147.9265,48.0813
148.1572,47.9605
148.3865,47.8392
148.6144,47.7174
148.8408,47.5951
149.0658,47.4723
149.2894,47.349
140.6912,51.048
140.9638,50.9456
141.2348,50.8425
141.5043,50.7386
141.7722,50.634
142.0386,50.5287
144.1145,49.6613
144.3671,49.5498
144.6182,49.4378
144.8678,49.3251
145.1159,49.2118
145.3625,49.0978
145.6075,48.9833
145.8511,48.8682
146.0933,48.7524
146.3339,48.6361
146.573,48.5192
146.8107,48.4018
147.0469,48.2838
147.2817,48.1652
147.515,48.0461
147.7468,47.9265
147.9772,47.8063
148.2062,47.6857
148.4337,47.5645
148.6598,47.4428
148.8845,47.3206
149.1078,47.1979
149.3296,47.0747
140.8015,50.7743
141.0717,50.6718
141.3403,50.5685
141.6075,50.4645
141.8731,50.3598
144.1956,49.3863
144.4461,49.2749
144.6952,49.1628
144.9427,49.0501
145.1887,48.9368
145.4333,48.8228
145.6764,48.7083
145.918,48.5932
146.1582,48.4775
146.3969,48.3612
146.6341,48.2444
146.8699,48.127
147.1042,48.009
147.3371,47.8906
147.5686,47.7715
147.7986,47.652
148.0272,47.5319
148.2544,47.4113
148.4802,47.2902
148.7046,47.1686
148.9275,47.0465
149.1491,46.9239
149.3693,46.8009
149.8056,46.5534
150.0216,46.4289
150.2364,46.3041
150.4497,46.1787
151.2898,45.6731
140.3698,50.7041
140.6407,50.6029
140.9101,50.5009
141.1779,50.3983
141.4443,50.2949
141.7092,50.1908
141.9726,50.0859
144.2756,49.1118
144.524,49.0004
144.771,48.8883
145.0165,48.7755
145.2605,48.6622
145.5031,48.5483
145.7443,48.4338
145.9839,48.3187
146.2222,48.203
146.459,48.0868
146.6943,47.97
146.9283,47.8527
147.1607,47.7348
147.3918,47.6163
147.6215,47.4974
147.8497,47.3779
148.0766,47.2579
148.302,47.1374
148.526,47.0164
148.7487,46.895
148.97,46.773
149.1899,46.6505
149.4084,46.5276
149.6256,46.4042
149.8414,46.2804
150.0559,46.1561
150.2691,46.0313
151.1083,45.5281
151.3148,45.4012
140.4814,50.4314
140.75,50.33
141.017,50.2279
141.2827,50.1251
141.5468,50.0216
141.8094,49.9174
144.1064,48.9487
144.3543,48.8378
144.6008,48.7263
144.8457,48.6141
145.0892,48.5014
145.3313,48.3881
145.572,48.2742
145.8112,48.1597
146.0489,48.0446
146.2853,47.929
146.5202,47.8128
146.7537,47.6961
146.9858,47.5788
147.2164,47.461
147.4457,47.3426
147.6736,47.2237
147.9001,47.1043
148.1252,46.9844
148.3489,46.864
148.5713,46.7432
148.7922,46.6218
149.0119,46.4999
149.2301,46.3776
149.447,46.2548
149.6626,46.1315
149.8768,46.0079
150.0897,45.8837
150.7205,45.5087
150.9282,45.3828
151.1345,45.2565
140.5914,50.159
140.8577,50.0575
141.1225,49.9553
141.3858,49.8523
141.6477,49.7487
141.9081,49.6443
143.1882,49.1124
143.4399,49.004
143.6901,48.895
143.9388,48.7853
144.1861,48.675
144.432,48.5641
144.6764,48.4526
144.9194,48.3405
145.161,48.2277
145.4011,48.1144
145.6398,48.0005
145.8771,47.8861
146.113,47.771
146.3475,47.6554
146.5805,47.5393
146.8122,47.4226
147.0425,47.3054
147.2714,47.1876
147.4989,47.0693
147.725,46.9506
147.9498,46.8312
148.1731,46.7114
148.3952,46.5912
148.6158,46.4704
148.8352,46.3491
149.0531,46.2274
149.2698,46.1052
149.4851,45.9825
149.6991,45.8594
149.9117,45.7358
150.5419,45.3626
150.7493,45.2373
140.4342,49.9879
140.6997,49.887
140.9638,49.7853
141.2263,49.683
141.4875,49.5799
141.7471,49.4761
142.0054,49.3717
143.0239,48.9471
143.2749,48.8393
143.5245,48.7309
143.7726,48.6218
144.0193,48.5121
144.2646,48.4018
144.5085,48.2909
144.751,48.1793
144.992,48.0672
145.2316,47.9545
145.4699,47.8412
145.7067,47.7273
145.9421,47.6129
146.1761,47.4979
146.4088,47.3823
146.64,47.2662
146.8699,47.1496
147.0984,47.0324
147.3255,46.9148
147.5513,46.7966
147.7757,46.6779
147.9987,46.5586
148.2204,46.4389
148.4408,46.3187
148.6598,46.1981
148.8775,46.0769
149.0939,45.9553
149.3089,45.8332
149.5226,45.7107
149.735,45.5878
140.5433,49.7163
140.8065,49.6153
141.0683,49.5135
141.3287,49.411
141.5876,49.3078
141.8452,49.2039
142.8609,48.7817
143.1113,48.6745
143.3603,48.5667
143.6079,48.4582
143.854,48.3491
144.0987,48.2393
144.3421,48.129
144.584,48.0181
144.8245,47.9065
145.0636,47.7944
145.3013,47.6817
145.5377,47.5684
145.7726,47.4546
146.0062,47.3402
146.2384,47.2252
146.4692,47.1097
146.6987,46.9936
146.9268,46.8771
147.1535,46.76
147.3789,46.6424
147.603,46.5243
147.8257,46.4056
148.047,46.2865
148.2671,46.1669
148.4858,46.0468
148.7032,45.9263
148.9193,45.8053
149.134,45.6838
149.3475,45.5618
149.5597,45.4394
140.3882,49.5456
140.6507,49.4451
140.9117,49.3439
141.1713,49.242
141.4296,49.1394
141.6864,49.0361
141.9417,48.9321
142.9492,48.5096
143.1976,48.4023
143.4445,48.2944
143.6901,48.1859
143.9342,48.0768
144.177,47.967
144.4184,47.8566
144.6584,47.7457
144.897,47.6342
145.1342,47.522
145.3701,47.4093
145.6045,47.2961
145.8376,47.1823
146.0694,47.0679
146.2998,46.953
146.5289,46.8375
146.7565,46.7215
146.9829,46.605
147.2079,46.488
147.4316,46.3705
147.654,46.2524
147.875,46.1339
148.0947,46.0149
148.3131,45.8954
148.5302,45.7754
148.746,45.655
148.9604,45.5341
149.1737,45.4127
149.3856,45.2909
140.4963,49.2749
140.7565,49.1742
141.0154,49.0729
141.2729,48.9709
141.529,48.8682
141.7837,48.7648
142.037,48.6607
143.0362,48.2378
143.2826,48.1305
143.5275,48.0226
143.7711,47.914
144.0133,47.8049
144.2542,47.6951
144.4936,47.5847
144.7317,47.4738
144.9684,47.3622
145.2038,47.2501
145.4378,47.1374
145.6705,47.0242
145.9018,46.9104
146.1317,46.7961
146.3604,46.6812
146.5877,46.5658
146.8136,46.4499
147.0382,46.3335
147.2616,46.2165
147.4836,46.0991
147.7042,45.9811
147.9236,45.8627
148.1417,45.7438
148.3585,45.6244
148.574,45.5045
148.7882,45.3842
149.0011,45.2634
149.2128,45.1422
140.3432,49.1046
140.6028,49.0045
140.8609,48.9037
141.1176,48.8023
141.373,48.7001
141.627,48.5973
141.8796,48.4938
142.8763,48.0732
143.122,47.9665
143.3664,47.8591
143.6094,47.7512
143.851,47.6426
144.0913,47.5334
144.3302,47.4236
144.5678,47.3132
144.804,47.2023
145.0389,47.0907
145.2724,46.9786
145.5046,46.866
145.7355,46.7528
145.965,46.639
146.1932,46.5247
146.4201,46.4099
146.6456,46.2946
146.8699,46.1787
147.0928,46.0624
147.3145,45.9455
147.5348,45.8281
147.7539,45.7103
147.9716,45.5919
148.1881,45.4731
148.4033,45.3538
148.6172,45.2341
149.0412,44.9932
149.2513,44.8721
140.4504,48.8347
140.7077,48.7345
140.9638,48.6336
141.2184,48.532
141.4717,48.4297
141.7236,48.3268
141.9742,48.2232
142.9628,47.8024
143.2066,47.6956
143.449,47.5882
143.6901,47.4802
143.9298,47.3715
144.1682,47.2623
144.4052,47.1525
144.6409,47.0422
144.8753,46.9312
145.1084,46.8197
145.3401,46.7076
145.5705,46.595
145.7996,46.4818
146.0274,46.3681
146.2538,46.2539
146.479,46.1391
146.7029,46.0238
146.9254,45.908
147.1467,45.7917
147.3667,45.6749
147.5854,45.5577
147.8028,45.4399
148.019,45.3217
148.2338,45.203
148.4474,45.0838
148.8709,44.8441
149.0808,44.7236
140.556,48.5651
140.8112,48.4648
141.0652,48.3638
141.3177,48.2621
141.569,48.1597
141.8189,48.0567
142.3146,47.8487
142.5604,47.7437
142.8049,47.6381
143.0481,47.5319
143.29,47.4251
143.5305,47.3176
143.7696,47.2096
144.0075,47.1009
144.244,46.9917
144.4792,46.8819
144.7131,46.7715
144.9457,46.6606
145.1769,46.5491
145.4069,46.437
145.6355,46.3244
145.8629,46.2113
146.0889,46.0976
146.3136,45.9835
146.5371,45.8687
146.7593,45.7535
146.9802,45.6378
147.1998,45.5216
147.4182,45.4049
147.6353,45.2877
147.8511,45.17
148.7019,44.6948
140.4055,48.3957
140.6601,48.2959
140.9133,48.1955
141.1651,48.0943
141.4157,47.9925
141.6649,47.8901
141.9128,47.7869
142.6484,47.4738
142.891,47.3681
143.1323,47.2618
143.3722,47.155
143.6108,47.0475
143.8481,46.9394
144.0841,46.8308
144.3188,46.7215
144.5522,46.6117
144.7843,46.5014
145.015,46.3904
145.2445,46.2789
145.4727,46.1669
145.6996,46.0544
145.9252,45.9413
146.1496,45.8276
146.3727,45.7135
146.5945,45.5989
146.815,45.4837
147.0342,45.3681
147.2522,45.2519
147.469,45.1353
147.6845,45.0182
148.9515,44.306
140.0013,48.3248
140.2564,48.2262
140.5102,48.127
140.7627,48.0271
141.0139,47.9265
141.2637,47.8253
141.5123,47.7234
141.7595,47.6208
142.0054,47.5176
142.9759,47.0985
143.2153,46.9922
143.4533,46.8853
143.6901,46.7778
143.9255,46.6697
144.1597,46.561
144.3926,46.4518
144.6242,46.342
144.8544,46.2316
145.0835,46.1207
145.3112,46.0093
145.5377,45.8973
145.7629,45.7847
145.9868,45.6717
146.2095,45.5581
146.4308,45.444
146.651,45.3295
146.8699,45.2144
147.0875,45.0988
147.304,44.9828
147.5191,44.8663
139.8543,48.1547
140.1087,48.0567
140.3617,47.958
140.6135,47.8586
140.8639,47.7586
141.1131,47.6579
141.3609,47.5566
141.6075,47.4546
141.8528,47.3519
143.0596,46.8293
143.2971,46.723
143.5333,46.616
143.7682,46.5085
144.0019,46.4004
144.2343,46.2917
144.4653,46.1825
144.6952,46.0727
144.9237,45.9623
145.151,45.8515
145.377,45.74
145.6018,45.6281
145.8253,45.5156
146.0475,45.4026
146.2685,45.2891
146.4883,45.1751
146.7068,45.0606
146.9241,44.9456
147.1402,44.8301
147.355,44.7141
139.9622,47.8871
140.2145,47.7889
140.4655,47.6901
140.7153,47.5906
140.9638,47.4905
141.2109,47.3897
141.4568,47.2882
141.7014,47.1862
143.1422,46.5606
143.3778,46.4542
143.6122,46.3472
143.8454,46.2397
144.0772,46.1315
144.3078,46.0229
144.5371,45.9136
144.7652,45.8039
144.992,45.6935
145.2176,45.5827
145.4419,45.4713
145.665,45.3593
145.8868,45.2469
146.1075,45.134
146.3268,45.0205
146.545,44.9066
146.7619,44.7921
146.9776,44.6772
147.1921,44.5618
139.5641,47.8143
139.817,47.7174
140.0686,47.6198
140.3189,47.5215
140.5679,47.4226
140.8157,47.323
141.0622,47.2228
141.3074,47.1219
141.5514,47.0203
142.9885,46.398
143.2236,46.2922
143.4575,46.1858
143.6901,46.0788
143.9214,45.9713
144.1515,45.8631
144.3803,45.7545
144.6079,45.6452
144.8343,45.5355
145.0594,45.4252
145.2833,45.3143
145.506,45.203
145.7274,45.0911
145.9476,44.9787
146.1666,44.8658
146.3844,44.7524
146.6009,44.6385
146.8163,44.5242
147.0304,44.4093
139.421,47.6441
139.6731,47.5477
139.9239,47.4506
140.1735,47.3529
140.4219,47.2545
140.6689,47.1555
141.4026,46.8544
142.3633,46.4442
142.6003,46.3401
142.8361,46.2354
143.0707,46.1301
143.304,46.0243
143.5361,45.9179
143.7669,45.8109
143.9965,45.7033
144.2248,45.5952
144.4519,45.4865
144.6778,45.3773
144.9025,45.2675
145.1259,45.1573
145.3482,45.0464
145.5692,44.9351
145.789,44.8233
146.0076,44.711
146.2249,44.5981
146.4411,44.4848
146.6561,44.371
146.8699,44.2567
139.0265,47.5689
139.2791,47.4738
139.5304,47.3779
139.7805,47.2814
140.0294,47.1842
140.277,47.0864
142.4498,46.1768
142.685,46.0727
142.919,45.968
143.1517,45.8627
143.3833,45.7568
143.6136,45.6503
143.8426,45.5433
144.0705,45.4358
144.2971,45.3276
144.5226,45.219
144.7468,45.1098
144.9698,45
145.1916,44.8898
145.4122,44.779
145.6315,44.6678
145.8497,44.556
146.0667,44.4437
146.2825,44.3309
146.4972,44.2177
146.7106,44.104
146.9229,43.9898
147.1339,43.8751
147.3438,43.76
139.389,47.2081
139.6384,47.1121
142.3004,46.0135
142.5351,45.9099
142.7685,45.8057
143.0007,45.701
143.2317,45.5956
143.4615,45.4897
143.6901,45.3833
143.9174,45.2762
144.1436,45.1687
144.3685,45.0606
144.5923,44.9519
144.8148,44.8427
145.0362,44.733
145.2564,44.6228
145.4753,44.5121
145.6931,44.4009
145.9097,44.2891
146.1251,44.1769
146.3394,44.0642
146.5525,43.951
146.7644,43.8374
146.9751,43.7233
147.1847,43.6087
138.999,47.1331
139.2488,47.0383
139.4975,46.9428
142.1523,45.8501
142.3864,45.747
142.6192,45.6434
142.8509,45.5392
143.0814,45.4344
143.3106,45.329
143.5387,45.2231
143.7656,45.1166
143.9912,45.0096
144.2157,44.902
144.439,44.7939
144.6611,44.6853
144.882,44.5762
145.1017,44.4665
145.3203,44.3563
145.5377,44.2456
145.7539,44.1345
145.9689,44.0228
146.6071,43.6849
146.8175,43.5713
147.0267,43.4573
147.2348,43.3428
138.8608,46.9627
139.1098,46.8684
142.2389,45.584
142.4712,45.481
142.7023,45.3773
142.9322,45.273
143.161,45.1682
143.3885,45.0628
143.6149,44.9569
143.84,44.8504
144.0641,44.7434
144.2869,44.6358
144.5085,44.5278
144.729,44.4192
144.9483,44.31
145.1664,44.2004
145.3834,44.0903
145.5992,43.9796
145.8139,43.8685
146.8699,43.3058
147.0777,43.1918
147.2843,43.0774
138.7237,46.7922
138.9721,46.6985
142.3243,45.3185
142.5549,45.2153
142.7843,45.1116
143.0125,45.0073
143.2395,44.9025
143.4654,44.7971
143.6901,44.6912
143.9136,44.5847
144.1359,44.4777
144.3571,44.3701
144.5772,44.2621
144.796,44.1535
145.0137,44.0444
145.2303,43.9348
145.4457,43.8247
146.5056,43.267
146.9216,43.0407
147.128,42.9268
138.8355,46.5286
139.0819,46.4347
142.4087,45.0533
142.6375,44.9501
142.8652,44.8464
143.0917,44.7421
143.317,44.6372
143.5412,44.5318
143.7643,44.4258
143.9862,44.3194
144.2069,44.2124
144.4265,44.1048
144.6449,43.9968
144.8622,43.8882
145.0783,43.7792
145.2934,43.6696
145.5072,43.5596
146.7668,42.8894
138.7001,46.3586
142.9451,44.5815
143.1699,44.4772
143.3936,44.3723
143.6161,44.2669
143.8376,44.161
144.0578,44.0545
144.2769,43.9475
144.7118,43.732
144.9275,43.6235
145.1421,43.5145
145.3556,43.405
146.613,42.738
138.5658,46.1886
141.6608,44.9315
143.4691,44.1079
143.6901,44.0025
143.9099,43.8966
144.5625,43.5757
146.4603,42.5865
137.9409,46.2014
138.4327,46.0186
141.2885,44.8681
138.0562,45.9399
145.3287,42.7232
138.1699,45.6787
144.971,42.6775
138.0401,45.5087
144.4027,42.7371
137.6691,45.4284
137.9115,45.3387
144.0459,42.6873
137.5423,45.2579
137.7839,45.1687
143.6901,42.6358
143.5484,42.4788
137.0506,45.0046
136.565,44.7488
136.4449,44.5775
136.0856,44.4906
136.3258,44.4062
136.2077,44.235
140.4397,42.3586
140.3112,42.1964
140.1837,42.0342
140.491,41.6831
135.0484,43.3704
140.2385,41.3605
140.453,41.2662
140.2032,40.9445
140.4157,40.8507
140.0798,40.7837
140.2917,40.6903
141.8274,39.7681
133.8059,42.7439
134.0406,42.6674
132.0419,43.0851
133.2323,42.7215
133.4679,42.6467
131.9451,42.9098
132.184,42.8388
132.4221,42.7672
132.6594,42.6949
132.8958,42.6218
131.6103,42.8045
131.8491,42.7346
132.0872,42.664
132.3244,42.5928
132.5609,42.5208
131.5159,42.629
131.7539,42.5595
132.2276,42.4185
132.4632,42.3469
131.4223,42.4537
130.8544,42.4139
131.0923,42.3465
